1- O que é pentateuco?	1- it-3 p. 223 / Pentateuco: Esta forma aportuguesada da palavra grega (que significa “cinco rolos” ou “volume quíntuplo”) refere-se aos primeiros cinco livros da Bíblia: Gênesis, Êxodo, Levítico, Números e Deuteronômio.
2- Na ordem bíblica, qual é o último livro das escrituras Hebraicas?	2- Malaquias. índice da Bíblia.
3- De acordo com a ordem dos livros da bíblia, qual é a 5ª carta do apóstolo Paulo?	3- Efésios. Índice e Tabela de Livros da Bíblia.
4- Quem disse as seguintes palavras: "é por isso, que retiro o que eu disse, e me arrependo em pó e cinzas"?	4- Jó 42:1-7, Servo fiel Jó
5- Cite 3 elementos que compõem a armadura completa de Deus, conforme a carta de Paulo aos Éfesios.	5- Efésios 6:13-17, Cinturão da Verdade, Couraça da Justiça, Calçados das Boas Novas, Escudo da fé, Capacete da Salvação e Espada do Espirito. 
6- Dentro da arca do pacto, continha 3 objetos, sendo um deles um jarro de ouro. Qual era o conteúdo deste jarro?	6- Êxodo 16:33, Um gomor de maná ou maná
7- Sabemos que Abel exercia a profissão de pastor de ovelhas. Mas, qual era a profissão de Caim?	7- Gênesis 4:2, Agricultor
8- Bildade, Sofar, qual o nome do 3º consolador de Jó?	8-  Jó 2:11 – Elifaz
9- Qual o nome do pai do Profeta Enoque? (A) Jarede (B) Enos (C) Quenã (D) Jaum (E) NDA	9- Genesis 5:18, Jarede
10- Verdadeiro ou Falso? Caim teve filhos, dentre eles Enoque.	10- Genesis 4:17 - Verdadeiro.  it-1 p. 813 Enoque Primeira cidade mencionada na Bíblia. Caim construiu esta cidade na terra da Fuga, ao L do Éden, dando-lhe o nome de seu filho Enoque.
11- Quantos anos viveu Metusalém? (A) 919 (B) 939 (C) 969	11- Genesis 5:27, 969 anos
12- Quantos animais de cada espécie Noé colocou na Arca?	12- Genesis 7:2 De cada tipo de animal puro, 7 e, de cada animal impuro apenas 2.
13- O que significa a palavra Genesis?	13- GÊNESIS” significa “origem” ou “nascimento” / w04 1/1 p. 28 
14- O que Jesus disse conforme registrado em Lucas 22:19?	14- Lucas 22:19 Ele pegou também um pão, deu graças, partiu-o e deu a eles, dizendo: “Isto representa o meu corpo, que será dado em benefício de vocês. Persistam em fazer isso em memória de mim.”
15-  Responda completamente a seguinte pergunta: Pedro decepou a orelha de quem e qual era o seu nome?	15- João 8:10 – Escravo do sumo sacerdote e seu nome era Malco.
16- Como se chamava o sogro de Jacó?	16 – Genesis 29:16 – Labão
17- Quem escolheu os nomes dos animais? (A) Jeová (B) Jesus (C) Adão (D) Abel (E) NDA	17-  Genesis 2:20, Adão
18- Os animais terrestres foram criados em qual, dos seis dias criativos?	18 – Genesis 1:23-25, no 5º dia
19- Responda corretamenre conforme o relato bíblico, "quem guerreou contra o dragão em apocalipse"?	19 – Apocalipse 12:7, Miguel
20- O que significa a palavra "amém"?	20 - it-1 p. 106 Amém o significado é “assim seja”, ou “certamente”. 
21- Quem foram Beltessazar, Misael, Azarias e Hananias?	21- Daniel 1:7, Beltessazar, Hananias, Misael e Azarias foram os 4 jovens hebreus cativos em babilônia
22- Sabemos que Cristo foi questionado pelos fariseus porque seus discípulos arrancaram algumas espigas do campo e comeram num dia de Sábado. O que mais Jesus fez num sábado que também foi contestado pelos fariseus?	22- Mateus 12:9-14 Curou a mão atrofiada de um homem.
23- Dentre os 12 apóstolos iniciais, cite os nomes que começam com a letra T?	23- Mateus 10:2-4 Tiago filho de Zebedeu, Tomé, Tiago filho de Alfeu e Tadeu
24- Qual o nome do Rei de Babilônia que viu as escritas na parede?	24- Daniel 5:1-5 Belsazar
25- Ao se recusarem comer das iguarias do rei babilônico, os jovens hebreus propuseram uma dieta alimentar por quantos dias? A- 7dias, B- 10 dias, C-30 dias	25- Daniel 1:14
26- Qual a cidade que Jesus nasceu?	26- Mateus 2:1
27- Qual o nome do deserto em que João Batista foi pregar: A - Deserto do Sinai, B - Deserto da Judeia, C - Nenhuma das opções.	27- Mateus 3:1
28- De acordo com o relato bíblico, aos 40 anos Moisés teve que fugir de Faraó, ele foi para qual terra? A- Midiã, B- Canaã, C- Egito.	28- Êxodo 2:15
29- Qual o nome da esposa de Moisés?	29- Êxodo 2:21
30- A pedido de Jeová, qual foi o 1º milagre que Arão e Moisés fizeram na presença de Faraó?	30- Êxodo 7:8-11
31-Qual o texto bíblico que Jeová identifica seus servos, como suas Testemunhas?	31- Isaias 43:10-12
32- Numa certa passagem bíblica, Satanás acusou: "Não puseste tu mesmo uma sebe em volta dele, e em volta da sua casa, e em volta de tudo o que ele tem? Quem é a pessoa a quem ele se refere nesta frase?	32- Jó 1:8-10
33- O que significa o nome Jeová?	33- Tradução do Novo Mundo (Versão 2015) página 1799.
34- Mencione 3 recursos contidos da Tradução do Novo Mundo Revisada.	34- Veja Apêndices (Acontecimentos da Vida Terrestre de Jesus, Mapas, Tabelas, calendário Hebraico, Tabernáculo, Reino de Davi e Salomão, Templo Construído por Salomão, Potências Mundiais, Medidas/Pesos/Dinheiro). 
35- Antes da revista A Sentinela ser publicada, C. T. Russell começou a publicar a "A Torre de Vigia de Sião e Arauto da Presença de Cristo"). Em que ano, essa revista surgiu?	35- Em julho de1879, (https://wol.jw.org/pt/wol/d/r5/lpt/301975002?q=Torre+de+Vigia&p=par).
36- A orientação dada por Jeová a Moises e Arão era: (1) Golpeiem o Rochedo; (2) Falem ao Rochedo, ou (3) Toquem no Rochedo.	36- Números 20:7, 8
37- Na ocasião da transfiguração, dois apóstolos estavam com Jesus Cristo, quem eram?	37- Mateus 17:1, 2
38- De que material era feito a serpente que Moisés colocou num poste?	38- Números 21: 9
39- Segundo o Livro perspicaz vol.1; O que significa a palavra "Betel"?	39- Casa de Deus, Perspicaz vol. 1 pag.348
40- Atualmente, quantos números da revista Despertai são publicadas por ano?	40- São 06 edições por ano.
41- Jacó teve doze filhos. Um deles se deitou com a concubina de seu pai. Quem foi esse filho?	41- Genesis 35: 22
42- Quantos homens foram usados por Jeová para escrever a Bíblia?	42- 40 Homens (secretários) – Fonte Raciocínios a Base das Escrituras pagina 63 – Bíblia
43- Em qual cidade da Cilícia o apóstolo Paulo nasceu?	43- Atos 21: 39
44- Qual potência mundial estava dominando o mundo na época de Jesus Cristo? 	44- Roma – Fonte Apêndice da TNM B9 pagina 
45- Quantas cartas e/ou livros inspirados no registro Bíblico, o Apóstolo Paulo escreveu?	45- Total 14 Livros e/ ou cartas – Fonte TNM página 1723
46- Quem escreveu o livro de Atos?	46- Lucas – Fonte TNM página 1722
47- Dois escritores da Bíblia, são irmãos de Jesus, quem são eles?	47- Tiago e Judas - Fonte TNM página 1722
48- Quem foi o escritor bíblico que exercia a profissão de médico?	48- Lucas – Fonte Perspicaz vol. 2 pág 721
49- Quais os 3 idiomas em que a Bíblia foi originalmente escrita?	49- Hebraico, Aramaico e Grego – Fonte TNM Apêndice A1
50- Sabemos que Pedro era chamado por 5 nomes pessoais diferentes na Bíblia: Simeão, Pedro, Simão, a combinação Simão Pedro. Porém, Cristo o chamou por outro nome, qual é? 	50- Cefas João 1:42
51- Os israelitas celebravam 03 festividades, sendo que dessas, 02 serviam para se lembrarem do êxodo do Egito. Qual era o nome dessas?	51- Festividades das Barras e dos Pães sem Fermento – TNM página 1763
52- Qual apóstolo também era conhecido pelo nome "Boanerges"?	52- João (irmão de Tiago) Marcos 3:17  
53- Noé usou madeira resinosa para a construção da arca, mas teria de revesti-la por dentro e por fora. Qual o material que ele usou para fazer este serviço?	53- Genesis 6:14
54- Complete a frase do Salmo 11:5 "Jeová examina tanto os justos como os ......."	54- Maus – Salmo 11:5
55- Complete a frase do verso Bíblico Salmo 119:105 "Tua palavra é lâmpada para o meu pé, e luz para......" 	55- ...o meu caminho – Salmo 119:105
56- Responda por completo a pergunta: "Qual é o texto do ano para 2018, e o que diz nele?	56- Isaías 40:31
57- Complete o refrão do clipe musical: "Olha aqui! Venha ver, descobrir amigos bons que amam a Jeová. Vem pra cá! Vem sentir como é bom estar aqui........."	57 - .......Hashtag larga o celular! Clipe Musical “Larga o celular”
58- Qual o nome do primeiro bebê a nascer no mundo?	58- Caim - Genesis 4:1
59- Complete o refrão deste cântico: "Qual é a sensação de pregar de coração, de fazer o seu melhor a todos ao redor? Deus vai abençoar quem no campo se esforçar, nós queremos instruir a quem Deus atrair. Um sentimento especial, felicidade sem igual! Um sacrifício de louvor..."	59- ...vou dar ao criador – Cântico 176
60- Quando caiu o dilúvio, Noé fazia aniversário. Quantos anos ele tinha?	60- 600 anos - Genesis 7:11
61- Cite 06 características de oratória no manual beneficie-se? Fale exatamente como está no ponto.	61- Manual beneficie-se pagina 03.
62- Qual município do Estado de São Paulo, localiza-se a sede nacional das Testemunhas de Jeová no Brasil?	62- Cesário Lange – SP ( https://www.jw.org/pt/testemunhas-de-jeova/escritorios/brasil/)
63- Preste atenção no que irá responder - De acordo com 1ª Reis 3: 9, qual foi o pedido de Salomão à Jeová, ao receber o reinado?	63- Um coração obediente para discernir o bem do mal – 1ª Reis 3: 9
64- Fale exatamente como está escrito. Em Isaias 35:6 a bíblia promete que dentre as bênçãos do reino, "os mancos saltarão como ....."	64- Cervos Isaias 35:6
65- Cite o nome do descendente de Noé, sobre o qual ele proferiu uma maldição?	65- Gênesis 9: 24, 25 Canaã
66- As Testemunhas de Jeová desenvolveram um sistema de editoração eletrônica multilíngue, como se chama este programa ou sistema?	66- Brochura “Quem está fazendo a vontade de Jeová” Lição 23 , paragrafo 4 – MEPS
67- De acordo com a Apostila de Maio /18. Provavelmente quais eram as duas moedas que a viúva colocou no cofre do tesouro do templo? (a) denário (b) dracma (c) lépton (d) NDA	67- Apostila de Maio/18 pagina 5 – Lépton
68 - É conhecido como o cabeça da congregação. Quem é?	68- 1º Coríntios 11:3
69- No dia 24 DE SETEMBRO DE 1994 - Sem realizar julgamento, autoridades prendem Paulos Eyassu, Isaac Mogos e Negede Teklemariam; eles ainda estão na prisão. Em qual país isso aconteceu?	69- https://www.jw.org/pt/noticias/casos-juridicos/por-regiao/eritreia/   - Eritréia
70- Olha a pegadinha - Na manhã de quarta-feira, 24 de janeiro de 2018, foi anunciado às famílias dos Betéis dos Estados Unidos e do Canadá o novo membro do Corpo Governante. Qual é o seu nome? (A) Guy Pierce (B) Kenneth Cook (C) Stephen Lett 	70- https://www.jw.org/pt/noticias/jw-noticias/por-regiao/mundial/kenneth-cook-corpo-governante/ - Kenneth Cook
71 - Um pequeno grupo de pessoas que procuravam a verdade percebeu que muitas doutrinas das igrejas não eram bíblicas. Em que ano isso aconteceu? (a) 1870 (b) 1880 (c) 1914 (d)1930  (e) NDA	71- Brochura “Quem está fazendo a vontade de Jeová” Lição 3 parágrafo 2 – 1870
72- Em 1950 as Testemunhas de Jeová começam a publicar partes de nossa Bíblia que usa a linguagem moderna. Qual é o seu nome?	72- Brochura “Quem está fazendo a vontade de Jeová” Lição 4 parágrafo 1 - Tradução do Novo Mundo
73- Em quanto tempo o orador deve proferir seu discurso público na reunião de final de semana?	73- Brochura “Quem está fazendo a vontade de Jeová” Lição 7 parágrafo 2 – 30 minutos
74 - A nossa reunião de meio de semana possuí 3 partes. Quais os nomes dessas?	74- Brochura “Quem está fazendo a vontade de Jeová” Lição 7 parágrafo 3 –  1º Tesouros da Palavra de Deus, 2º Faça Seu Melhor no Ministério e 3º Nossa Vida Cristã.
75- Depois da morte de Sara, Abraão se casou novamente. Qual o nome de sua nova esposa?	75- Genesis 25:1 – Quetura
76 - Esaú trocou a sua primogenitura pelo ensopado de lentilhas e mais o quê? (A) Bolo Redondo (B) Cabrito Cozido (C) Pão (D) Frutas Frescas (E) NDA	76- Gênesis 25:34 – Pão
77- Qual é o requisito de horas mensais para o pioneiro especial? (A) 90 Horas (B) 100 (C) 130 Horas (D) 150 Horas (E) NDA	77- Brochura “Quem está fazendo a vontade de Jeová” Lição 13 Parágrafo 2 – 130 Horas
78- Responda como está no relato bíblico. O que Jesus utilizou para curar um cego de nascença? (A) Água e Óleo Perfumado (B) Vinho e Argila (C) Saliva e Lama (D) Espírito Santo (E) NDA	78- João 9:6 - Saliva e Lama
79- Muitas Testemunhas de Jeová que se tornam missionários fazem um curso de 5 meses em Patterson, Nova York. Qual é o nome desta escola?	79- Brochura “Quem está fazendo a vontade de Jeová” Lição 14 Parágrafo 14 – Escola Bíblica de Gileade da Torre de Vigia, ou Escola de Gileade.
80- Quais os metais que compõe a estátua do sonho do Rei Nabucodonosor?	80- Daniel 2: 31-33 Ouro, Prata, Cobre, Ferro e Argila 
81- Embora os custos por trás de nossa obra de evangelização sejam altos, não solicitamos dinheiro. Como a obra das Testemunhas de Jeová é financiada?	81- Brochura “Quem está fazendo a vontade de Jeová” Lição 24 parágrafo 3 – Donativos Voluntários 
82- De que se alimentava João Batista?	82- Mateus 3: 4 - Gafanhotos e Mel Silvestre
83- Jesus é descendente de qual filho de Noé?	83- Lucas 3:36 – Sem
84- Quem são identificados como o "Trigo e o Joio" na ilustração de Jesus em Mateus 13: 24-30.	84- Livro Organizados Cap. 3 página 17 parágrafo 2 - Joio (cristãos de imitação) por cima do trigo (cristãos ungidos). 
85- O costume pelo qual um homem se casava com a esposa de seu irmão, caso este não tivesse deixado um filho varão era chamado de: (A) Festa do Noivo (B) Casamento de Cunhado (C) Despedida de Solteiro (D) Conduta Insolente (E) NDA	85 – TNM 15 Pagina 1758- Casamento de Cunhado
86- Cidades levitas, onde um homicida não intencional poderia buscar proteção contra o vingador do sangue, chama-se: (A) COLIH (B) Cidades dos Fugitivos (C) Terra Prometida (D) Cidades de Refúgio (E) NDA	86- TNM/15 Pagina 1759- Cidades de Refúgio
87- Leia Mateus 24:45 e responda, sabemos que no início dos últimos dias, esses domésticos, eram os "cristãos ungidos". Depois passaram a incluir, que grupo de pessoas? (A) Corpo Governante (B) 144 Mil (C) Apóstolos (D) Outras Ovelhas (E) Escravo Fiel e Prudente	87- Organizados Cap. 3 Pagina 17 Parágrafo 7 - “outras ovelhas”. 
88-  No futuro, os que compõem o escravo fiel receberão sua recompensa celestial. Junto com os outros membros dos 144 mil, eles compartilharão da autoridade celestial de Cristo. Não haverá mais um escravo fiel e prudente na Terra, mas Jeová e Jesus darão orientações para os súditos terrestres do Reino Messiânico por meio dos que forem designados para servir. Como a bíblia os identifica? (A) Sacerdotes (B) Reis (C) Príncipes (D) Profetas (E) Filhos de Deus	88- Salmos 45: 16 - Como “príncipes”. 
89- Complete a sentença - Na carta de Paulo aos Coríntios, ele advertiu sobre as discórdias que existiam naquela congregação. Ele exortou os irmãos ali a 'falar de acordo' e que precisavam ser "completamente unidos na mesma mente e na mesma maneira de ......? (A) Pensar (B) Agir (C) Tratar (D) Falar (E) Amar	89- 1º Coríntios 1:10 – Pensar
90- A congregação do primeiro século começou com cerca de 120 membros. Em cumprimento de Joel 2:28, 29, o espírito santo foi derramado primeiro sobre esses. Muitas pessoas foram batizadas e passaram a fazer parte da congregação dos gerados pelo espírito. De acordo com o relato bíblico, quantas pessoas foram batizadas naquele dia? (A) 144 mil (B) 5 Mil (C) 3 Mil (D) 70 (E) NDA	90- Atos 2:41 – 3 Mil Pessoas
91- No 1º Século, que medidas foram tomadas para que todas as novas congregações fossem organizadas e dirigidas à maneira de Deus, ou seja, de modo teocrático? Por meio da operação do espírito de Deus, foram providenciados subpastores para cuidar do rebanho. Como esses eram chamados? (A) Discípulos (B) Apóstolos (C) Anciãos (D) Servos Ministeriais (E) Pastores	91- Organizados Cap. 4 Parágrafo 8. Atos 14:23 – Anciãos
92- Em 2016, a sede mundial das Testemunhas de Jeová foi transferida para outra cidade do estado de Nova York. Qual o nome desta cidade? (A) Brooklin (B) Warwick (C) Wallkill (D) Manhattan (E) Patterson	92- https://www.jw.org/pt/noticias/noticias/por-regiao/estados-unidos/predio-towers-brooklyn-vendido/  - Warwick
93- O prédio localizado na Columbia Heights, 107 foi útil para a organização por muitos anos e se tornou um dos locais mais conhecidos do bairro do Brooklyn Heights. No entanto há alguns anos atrás ele foi vendido. Por quantos anos esta propriedade foi usada pela organização? (A) Mais de 20 Anos (B) Mais de 50 Anos (C) Mais de 70 Anos (D) Mais de 100 anos (D) NDA	93- https://www.jw.org/pt/noticias/noticias/por-regiao/estados-unidos/107-columbia-heights-brooklyn-vendido/ - 50 anos
94- As Testemunhas de Jeová, que são muito conhecidas pela sua obra de pregação de casa em casa, agora também estão em locais públicos usando carrinhos de publicações que chamam a atenção. Em que ano esta ferramenta passou a ser usada em Nova York? (A) 2010 (B) 2011 (C) 2012 (D) 2013 (E) 2014	94- https://www.jw.org/pt/testemunhas-de-jeova/atividades/pregacao/carrinhos-de-publicacoes/#?insight[search_id]=fd1aa536-ecd0-4b0b-9c2e-ec275c8504c2&insight[search_result_index]=1 – 2011
95- De acordo com o último livro da Bíblia, o número 666 é o nome da fera, ou besta, de sete cabeças e dez chifres que sai do mar. (Apocalipse 13:1, 17, 18) Essa fera é um símbolo de qual sistema mundial? (A) Político (B) Religioso (C) Comercial (D) Redes de Internet (E) NDA.	95- https://www.jw.org/pt/ensinos-biblicos/perguntas/o-que-significa-666/ - Sistema Político (O nome 666 indica que, do ponto de vista de Deus, esse sistema político é um grande fracasso).
96- A Bíblia, foi escrita por vários homens. Quantos homens participaram na escrita da Bíblia? (A) 12 (B) 40 (C) 66 (D) 70 (E) 144 Mil	96- https://www.jw.org/pt/ensinos-biblicos/perguntas/quem-escreveu-a-biblia/ 40 Homens
97- Quantos são os evangelhos? E quais são os nomes?	97- https://www.jw.org/pt/ensinos-biblicos/perguntas/quando-evangelhos-escritos/ - Mateus, Marcos, João e Lucas (4 Livros) 
98- Leia Êxodo 24:3. Quantas eram essas leis? (A) Mais de 10 (B) Mais de 12 (C) Mais de 100 (D) Mais de 600 (E) Mais de 1000. 	98-  https://www.jw.org/pt/ensinos-biblicos/perguntas/tora-pentateuco/ - A Lei tem mais de 600 regulamentos. 
99- Mencione 06 nomes dos filhos varões de Jacó.	99- Perspicaz Vol. 3 Pagina 466 -  Rubem, Simeão, Levi, Judá, Issacar, Zebulão, José, Benjamim, Dã, Naftali, Gade e Aser
100- Quais são os nomes dos dois netos de Jacó, que também herdaram tribos de Israel?	100- Gênesis 48:5 - Efraim e Manassés.
101- Sob a provisão legal incorporada no pacto da Lei, que previa um rei humano divinamente nomeado, Jeová nomeou um rei, da tribo de Benjamim, mediante o profeta Samuel. Quem foi este homem?	101- 1º Samuel 10:21 – Saul
102- Um total de 20 reis governaram no reino setentrional, entre 997 e 740 AEC, começando com Jeroboão e terminando com? 	102- Perspicaz Vol. 3 Página 399 - Oséias
103- No reino meridional, Judá, 19 reis reinaram entre 997 e 607 AEC, começando com Roboão e terminando com? 	103 – Perspicaz Vol. 3 Página 399 - Zedequias 
104 - Eram consideradas propriedade da coroa, e eram repassadas para o sucessor ao trono, junto com os direitos e as propriedades do rei. Surrupiá-la, equivalia a reivindicar publicamente o trono.  A que se refere? (A) Coroa do Rei, (B) Capa do Rei, (C) Vara do Rei, (D) Concubina do Rei (E) Esposa do Rei.	104 – Perspicaz Vol. 3 Página 400 – Concubinas. Casar-se com uma concubina do rei falecido, ou tomá-la, equivalia a reivindicar publicamente o trono.
105- Alguém por meio de quem se dá a conhecer a vontade e o propósito divinos. Sobre quem estamos nos referindo? Ao: (A) Corpo Governante (B) Profeta (C) Escravo Fiel e Prudente (D) Ungido (E) NDA	105 - Perspicaz Vol. 3 Página 336 – Lucas 1:70 – Profeta 
106- Por quanto anos Israel ficou em exílio no Egito? (A) 100 anos (B) 400 anos (C) 500 anos (D) 600 anos (E) NDA	106 – Genesis 15:13 – 400 anos
107 - Quanto tempo foi necessário que Moisés estivesse no Monte Sinai recebendo as Leis dadas por Jeová? (A) 7 dias (B) 10 dias (C) 40 dias (D) 60 dias (E) NDA	107 – Êxodo 34: 27, 28 – 40 dias e 40 noites
108 - O que representava a cabeça da estátua do sonho de Nabucodonosor? (A) Reino de Deus (B) Império Medo Persa (C) O próprio Nabucodonosor (D) Babilônia (E) NDA	108 – Daniel 2: 37,38 – A cabeça representava o próprio Nabucodonosor
109 - Quem escreveu A Carta de Tiago como um dos livros da Bíblia?	109 – Perspicaz Vol. 3 página 706 – Tiago, meio irmão e discípulo de Jesus Cristo.
110 - Verdadeiro ou Falso? Podemos afirmar que já houve ser humano com 24 dedos ao total?	110 – VERDADEIRO 2ª Samuel 21:20
111- Quem era Sebna? (A) Administrador da Casa de Ezequias (B) Copeiro (C) Eunuco (D) Escravo (E) NDA	111- Isaias 22:15 - Administrador
112- Quando Sebna ficou orgulhoso, o que ele mandou fazer para ele: (A) Estátua (B) Palácio (C) Trono (D) Sepultura (E) Anel	112 – Isaias 22:16 – Sepultura
113 - Antes do rei Davi, Bate-Seba era esposa de quem?	113- 2ª Samuel 11:3 – Urias
114 - Depois de cometer o pecado de adultério, Davi deixou que Jeová o ajudasse a se recuperar em sentido espiritual. Ele aceitou correção por meio de qual profeta?	114 – 2ª Samuel 12:13 – Natã
115- Complete o versículo bíblico de Tiago 5:14"Há alguém doente entre vocês? Que ele chame os anciãos da congregação, e que eles orem por ele, colocando ......nele em nome de Jeová"	115 – Tiago 5:14 – óleo
116- Joel e Abias eram juízes designados em Israel. Mas, eles não seguiam o exemplo de seu pai. Quem era o pai deles? (A) Arão (B) Eli (C) Samuel (D) Davi (E) NDA	116 -  1º Samuel 8: 1
117- Qual o texto do ano para 2017 registrado em Salmos 37:3? (A) Confie em Jeová e evite o mal (B) Procure Jeová e faça o bem (C) Confie em Deus e espere o bem (D) Confie em Jeová e faça o bem (E) Jeová é Grande e não se esquece dos leais.	117- Salmos 37: 3 Confie em Jeová e faça o bem
118- Ele é "a imagem de Deus", Jesus Cristo. Mas "ele" também, quem é este outro?	118- Gênesis 1:26 – O Homem
119- Jesus disse em Lucas 22:42 "Pai, se tu quiseres, afasta de mim este ...."	119- Lucas 22:42 – Cálice
120- Quem escolheu os nomes dos animais? (A) Adão (B) Jesus (C) Jeová (D) Satanás, enquanto anjo bom (E) Abel	120- Gênesis 2:19 O versículo se refere a Adão 
121 - Considere a sua resposta dentre as opções abaixo. Depois que pecaram, Adão e Eva passaram para todos os humanos: (A) Doenças e Morte (B) Sofrimento e Velhice (C) Imperfeição e Morte (D) NDA 	121- Sentinela Edição de Estudo Janeiro 2018 página 14, parágrafo 9 – Imperfeição e Morte
122 - Quando Saul tornou-se rei de Israel, no começo ele era um homem modesto e humilde. Mas, depois ele fez várias coisas arrogantes. Uma vez, os filisteus estavam se preparando para lutar contra os israelitas. O profeta Samuel disse que viria. No entanto, demorou...Saul fez algo que desagradou à Jeová e fez que ele não tinha o direito de fazê-lo. O que ele fez de errado? (A) Implorou ajuda de Jeová (B) Ascendeu incensos para Jeová (C) Ofereceu Sacrifícios para Jeová (D) Fez um acordo de paz com os Filisteus (E) NDA	122 – 1ª Samuel 13: 9 – Ofereceu Sacrifícios 
123 - Responda corretamente. Como se chama o anjo que informou a virgem, que ela seria mãe de Jesus e qual o nome dela?	123 - Lucas 26:1, 2 – Gabriel e Maria
124 - Segundo informou um anjo, qual era o nome da parenta da virgem Maria, que também teria um filho?	124 -  Lucas 26: 36 – Elisabete
125- Como se chama o pai de João Batista?	125 – Lucas 26: 39, 40 Zacarias
126- Antes do nascimento de Cristo, o relato bíblico informa que José viajou com sua esposa para sua cidade Natal na Judeia (à cidade de Davi que se chama Belém). Mas, de onde eles partiram? 	126 – Lucas 2: 4 – Nazaré
127 - Quando Jesus nasceu, não havia alojamento disponíveis, por isso ele nasceu num local inusitado. Mas, onde ele foi deitado por sua mãe assim que nasceu? 	127 – Lucas 2: 7 – Manjedoura
128- Após o nascimento de Jesus Cristo, alguns pastores na região foram avisados por um anjo. Este disse-lhes que daria um sinal para que encontrassem a criança. Qual foi sinal que deveria ser observado pelos pastores?	128 – Lucas 2:12 bebê enrolado em panos e deitado numa manjedoura. 
129 - Antes de batizarem como TJ, os estudantes da bíblia precisam responder duas perguntas na frente de todo mundo. A primeira pergunta é: "A base do sacrifício de Jesus Cristo, você se arrependeu dos seus pecados e se dedicou a Jeová para fazer a vontade dele?" Nas duas perguntas, geralmente as respostas são iguais. Qual é a resposta que todos na assistência estão aguardando ouvir?	129 – SIM
130- Antes de uma pessoa se batizar, se espera que ela faça um gesto pessoal entre ela e Jeová Deus. O que é? (A) Oração de Dedicação (B) Adquiram conhecimento da Bíblia (C) Preguem no Ministério de Campo (D) Participem nas reuniões matriculados na Escola (E) Considere as perguntas para o batismo.	130 – W Edição de Estudo 03/18 página 4, Quadro – Oração de dedicação à Jeová.
131- O apóstolo Pedro comparou o batismo a um objeto. Que objeto é este?	131- 1ª Pedro 3:20, 21 ou W Edição de Estudo 03/18 página 4 parágrafo 3 – Arca
132- Escolha a opção correta. De acordo com o relato de Atos 8: 35, 36 Filipe teve a oportunidade de receber uma orientação angélica, para declarar a as boas novas a respeito de Cristo a um homem etíope. Este Filipe era um dos apóstolos? (   ) Sim    (   ) Não  	132 – Atos 6: 1-6. Não
133 - O tempo passou e Jeová não considerava mais os judeus como nação dedicada a ele, por terem sidos desobedientes. Até que um dia, o próprio Jesus lá do céu falou com um homem judeu. Esse homem aceitou a ajuda de Jesus, recebendo ajuda de outro cristão. Qual o nome deste cristão? 	133 – Atos 9: 17,18 – Ananias
134 - Qual seria a idade considerada "certa" para que a pessoa se batize? (A) Bebê (B) Adolescente (C) Jovem (D) Na melhor idade, 60 anos (E) NDA 	134 – W Edição de Estudo 03/18 página 07, parágrafo 15 - NDA “Não existe nenhuma idade considerada “certa” para a pessoa de batizar.
135 - O relato de Atos 9:15 diz: "Mas o senhor lhe disse: "Vá, porque este homem é para mim um vaso escolhido para levar o meu nome as nações, bem como a reis e aos filhos de israel"". A que homem se aplica este relato?	135 – W Edição de Estudo 03/18 página 13, parágrafo 04 – Paulo
136 - Em que local foi construído o templo de Salomão?	136 - W73 1/7 p. 390 par. 6 “Rei Salomão, que construiu o primeiro templo de sua espécie no monte Moriá, de Jerusalém”. – Jerusalém
137 - Na ocasião do nascimento de Salomão, filho do Rei Davi, Natã disse que ele deveria ser chamado por um nome. Que nome é este? (A) Davi Junior (B) Salomão (C) Jedidias (D) Banerges (E) NDA	137 -  2ª Samuel 12: 24, 25 – Jedidias
138 - "Verdadeiro ou Falso". Davi teve alguns filhos com Bate-Seba, dentre esses filhos, um com o nome de Jesus.	138 – 1ª Crônicas 3:5 – “Os filhos de Davi que nasceram em Jerusalém foram os seguintes: Simeia, Sobabe, Natã e Salomão. A mãe desses quatro era Bate-Seba, filha de Amiel”. – Falso
139 - Na ocasião da inauguração do templo, Salomão ofereceu sacrifícios de bois e ovelhas. Quantos animais ao todo a bíblia informa que foram oferecidos? (A) 55 mil (B) 72 mil (C) 142 mil (D) 205 mil (E) 7 mil	139 – 1º Reis 8:63 - Ele ofereceu 22.000 bois e 120.000 ovelhas = 142 mil
140 -Uma das pessoas visitantes mais distintas procedente duma terra estrangeira para ver a glória e as riquezas de Salomão foi: (A) Cleópatra a rainha do Egito (B) A Rainha de Sabá (C) Herodes Ântipas (D) Maria Madalena (E) NDA	140 – 1º Reis 10:1, 2 - A rainha de Sabá.
141 - Não confunda a resposta. Por dedução, quantas vezes Salomão se casou? (A) 100 (B) 300 (C) 500 (D) 700 (E) 1.000 	141 – 1º Reis 11:3 - 700 vezes. 
142 - Verdadeiro ou Falso: A renda anual de Salomão em ouro chegava a ser: 666 talentos.	142 – 1º Reis 10:14 - Chegava a 666 talentos – Verdadeiro
143 - Quais foram a sequência das maldições que sobrevieram sobre o servo fiel Jó, sendo que a 1ª foi o saque de bois e jumentos pelos Sabeus e a 3ª o Saque de camelos pelos Caldeus. Diga na ordem quais são as 2ª, 4ª e 5ª Maldição nesta ordem?	143 – Jó 1:13-19 Jó 2:7 1º Saque de Bois e Jumentas pelos Sabeus, 2º Caiu fogo do céus, consumiu as ovelhas e os servos, 3º Saque dos Camelos pelos Caldeus. 4ºForte Vento Morte dos 10 filhos, 5º Furúnculos Dolorosos em Jó
144 - Qual foi a 1ª das 10 pragas de Jeová sobre do Egito.	144 - Êxodo 7:20 - Toda a água do rio Nilo se transformou em sangue. 
145 - Mencione os dois maiores mandamentos.	145- Mt 22:36-39 – 1º“‘Ame a Jeová, seu Deus, de todo o seu coração, de toda a sua alma e de toda a sua mente.’ 2º ‘Ame o seu próximo como a si mesmo.
146- Quem escreveu o livro de Jó?	146 – Moises 
147 - Segundo consta, os três consoladores de Jó foram sentam com ele por sete dias e sete noites. O que disseram neste tempo? (A)  O Elogiaram pela fé em Deus (B) Lamentaram pelas desgraças acontecidas (C) Cantaram cânticos (D) Ninguém lhe disse uma palavra (E) Acusaram-no de ter pecado contra Deus	147 - Jó 2:13 - Ninguém lhe disse uma palavra.
148 - Na cronologia bíblica, qual foi o último evangelho a ser escrito?	148 – w08 15/4 p. 30 - JOÃO 
149 - Quem expressou as seguintes palavras : "Eis o Cordeiro de Deus, que tira o pecado do mundo!"?	149 - João 1:29 – João Batista
150 - Segundo Cristo, Quem são os que 'passam da morte para a vida'? (A) Ungidos (B) Anjos (C) Apóstolos (D) Descrentes que se convertem (E) Ressucitados	150 - w08 15/4 p. 30 - Descrentes que se convertem - Jesus se refere àqueles que estão mortos espiritualmente, mas que, ao ouvirem suas palavras, depositam fé nele e abandonam seu proceder pecaminoso. 
151- Antes de nascerem João e Jesus, o anjo Gabriel anunciou antecipadamente. Para quem foram dados ambos anúncios separadamente? 	151 – Lucas 1:13 e Lucas 1: 30 - Zacarias e Maria
152 - Quando Maria foi informada de que teria um filho, sua parenta mais velha já estava grávida. De quantos meses? (A) 1 (B) 3 (C) 6 	152 -  Lucas 1:36 – 6 meses
153 - Segundo a Lei de Deus a Israel, todo menino israelita precisa ser circuncidado. Após o seu nascimento, em quanto tempo isso se faz necessário? (A) 7º mês (B) 8º mês (C) 7º dia (D) 7º mês (E) Após desmamá-lo.	153 – Levítico 12: 3 – 8º dia
154 - Segundo a Lei de Deus a Israel, a "noiva" de um homem que concorda em ter relações sexuais com outro homem, deve ser punida. Como? (A) Ela será desassociada (B) Ela perde seus privilégios na Sinagoga (C) Ela perde o noivo (D)Ela deve ser apedrejada até a morte (E) NDA	154- Deuteronômio 22:23, 24 - Apedrejada até a morte
155 - José tinha decidido em fazer algo em secreto com Maria (mãe de Jesus). Oque ele pensou em fazer? (A) Se Casar (B) Ter relações sexuais (C) Expulsá-la (D) Se Divorciar (E) NDA	155 – Mateus 1: 19 – Se divorciar
156 -  Hoje muitos acreditam que Jesus nasceu em 25 de dezembro. Mas, nesta época o clima é frio e chuvoso, dificilmente os pastores estariam a noite com seu rebanho no campo, conforme o relato bíblico. Tudo indica que Jesus nasceu em que mês? (A) Fevereiro (B) Nisã (C) Agosto (D) Outubro (E) Novembro.	156 – Livro Jesus O caminho pagina 18 – Outubro
157 - A Lei de Deus a Israel diz que após o nascimento de um menino, a mãe deve apresentar no templo uma oferta de purificação. Com quantos dias após o nascimento do menino se deve fazer esta oferta? (A) 7 dias (B) 8 dias (C) 10 dias (D) 40 dias (E) 66 dias.	157 – Levítico 12:4 – 40 dias
158 - Segundo a Lei de Deus dado a Israel, após o nascimento de uma criança (quando se completarem os dias de purificação), deverá levar ao sacerdote uma oferta. Primariamente, qual tipo de oferta se exige na lei? (A) Uma ovelha e 2 rolas (B) 5 andorinhas (C) Um carneirinho e um pombo (D) Um novilho e duas codornas (E) Um efa de farinha fina	158- Levítico 12: 6 – Um carneirinho e um pombo 
159 - Segundo a Lei de Deus dada a Israel, após o nascimento de uma criança (quando se completarem os dias de purificação), deverá levar ao sacerdote uma oferta definida conforme instruções. Mas, se a pessoa não tiver recursos financeiros, existe uma exceção mais barata, quais são? (A) Duas rolas ou dois pombos (B) Uma dúzia de ovos (C) 5 codornas (D) Um novilho (E) Uma ovelha.	159 – Levítico 12: 8 – Duas rolas ou dois pombos.
160- Quando uma israelita dava à luz um filho, eles eram considerados cerimonialmente impuros por um tempo. Assim que terminava esse período, uma oferta queimada era oferecida como sacrifício de purificação. Desse modo, todos eram lembrados de que o pecado e a imperfeição haviam sido transmitidos. Essa oferta de purificação foi feita na ocasião do nascimento de Jesus? (A) Sim (B) Não	160 – Livro Jesus O caminho pagina, pagina 21 / Quadro Lucas 2: 22 – SIM. O bebê Jesus era perfeito e Santo. Mesmo assim, Maria e José “o levaram” ao templo “para purificação deles”, conforme a Lei exigia. 
161 - José e Maria vão fazer a oferta de purificação e apresentar Jesus perante Jeová no templo. Nesta ocasião, eles encontram duas pessoas que agradecem a Deus pelo nascimento de Jesus. Esses acontecimentos dão a José e Maria a certeza de que seu filho é o Prometido por Deus. Uma dessas pessoas é Ana, a profetisa de 84 anos; E a outra pessoa, qual é o seu nome? (A) Zacarias (B) Simeão (C) Samuel (D) Abraão (E) Zeúde	161 – Lucas 2:25 – Simeão
162 - Qual o nome do avô paterno de Jesus? (A) João (B) Abraão (C) Isaque (D) Jacó (E) Moisés	162 – Mateus 1: 6 – Jacó
163 - Quantos dias após a sua ressurreição, Jesus sobe aos céus?	163 – TNM /15 Pagina 1826 – 40 dias
164- Em que local Jesus estava quando subiu aos céus?	164 – TNM/15 Página 1826 – Monte das Oliveiras
165 - Qual dos 4 evangelhos conta em detalhes o pré-nascimento e nascimento de Jesus?	165- TNM/15 Página 1812 -1813 Lucas
166 - Em que horas do dia Jesus morreu? (A) 13H (B) 14H (C) 17H (D) 18H (E) NDA 	166 – Marcos 15:34- 37 – NDA na verdade às 15Horas
167 - Quando os astrólogos saíram do oriente, foram guiados pela estrela até que cidade? 	167 – Mateus 2: 1, 2  - Jerusalém 
168 - Leia Jeremias 31:15 e responda. Em que ocasião essa profecia se cumpriu? (A) Queda de Babilônia (B) Matança de meninos em Belém (C) Destruição de Jerusalém em 70 EC 	168- Livro Jesus O caminho pagina 25 , 3º parágrafo. Matança de meninos em Belém e região
169 - Na ocasião em que o Rei Herodes descobre que os astrólogos não fizeram o que ele tinha pedido. Herodes dá uma ordem, mas o anjo orienta José a fugir. Para onde eles foram? (A) Babilônia (B) Roma (C) Egito (D) Israel (E) Jerusalém	169- Mateus 2:13 – Egito
170 - Quem foi Arquelau? (A) Um profeta de Jeová (B) Sacerdote de Baal (C) Um Rei (D) Um escravo egípcio (E) NDA	170 – Mateus 2:22 – Um Rei
171- Em que cidade na região da Galileia, Jesus foi criado? (A) Jerusalém (B) Belém (C) Nazaré (D) Cafarnaum (E) NDA	171 – Mateus 2: 23 – Nazaré
172 - Quem foi Salomé? (A) Meia irmã de Jesus (B) Uma Rainha nos tempos de Cristo (C) Esposa do Rei Herodes (D) Irmã de Maria (mãe de Jesus) (E) Apenas uma discípula de Cristo 	172 - Livro Jesus O caminho pagina 27 parágrafo 3 – irmã de Maria (mãe de Jesus).
173 - Qual a profissão de Jesus?	173 –Mateus 6:3 – Carpinteiro
174 - Quando Jesus tinha 12 anos, seus pais percebem a sua ausência e passam a procura-lo, encontrando-o mais tarde no templo. Quanto tempo eles o encontraram? (A) Algumas horas depois (B) Muitas horas mais tarde (C) No dia seguinte (D) Depois de 3 dias (E) Na semana seguinte	174 – Lucas 2:46 – 3 dias depois.
175 - Com quantos anos Jesus foi batizado por João Batista? (A) com 8 dias de vida (B) 29 anos (C) 30 anos (D) 33 anos (E) NDA	175 - Livro Jesus O caminho pagina 35 parágrafo 1 – 30 anos
176- John Wycliffe, William Tyndale, Henry Grew e George Storrs foram: (A) Membros do Corpo Governante (B) Irmãos executados na 2ª Guerra Mundial (C) Formandos da 135ª Turma de Gileade (D) Defensores das Verdades Bíblicas antes da Organização ser formada (E) NDA	176 - w12 15/1 p. 8 par. 17 Outros defensores das verdades bíblicas antes da organização ser formada.
177 - Nos tempos modernos, ele finalmente entendeu que haveria necessidade de uma campanha global de pregação a fim de alcançá-las. Mas ele não tinha a mínima ideia de como isso seria feito, mas demonstrando sua fé, escreveu: "Muitos, quando não conseguem entender exatamente como uma coisa será feita, a rejeitam, como se fosse impossível para Deus fazê-la porque não entendem como ele a fará." Quem foi ele? (A) Charles Russel (B) Henry Grew (C) George Storrs (D) Profeta Isaías (E) Stephen Lett	177- w00 15/10 p. 29 - Storrs finalmente entendeu que haveria necessidade de uma campanha global de pregação a fim de alcançá-las. 
178 - C. T. Russel era descendente de qual nacionalidade? (A) Americana (B) Inglesa (C) Irlandesa (D) Escocesa (E) Brasileira	178 – Vídeo: Fé em Ação (Da escuridão a Luz) 12’:07’’ – Irlandesa
179 - Antes da adolescência, C. T. Russel se tornou sócio de seu pai, em que segmento? (A) Lojas de Roupas (B) Gráfica (C) Hotéis (D) Fábrica de Canetas (E) NDA	179 - Vídeo: Fé em Ação (Da escuridão a Luz) 15’:21’’ _ Lojas de roupas
180 - C.T. Russel passou a ser o editor e a publicar a revista Watch Tower. Em que ano isso aconteceu? (A) 1870 (B) 1879 (C) 1880 (D) 1889 (E) 1914	180 - w00 15/10 p. 30 Charles Taze Russell, que deu início à publicação desta revista em 1879
181- Em 1912, Russell e seus associados iniciaram um ousado empreendimento educacional muito avançado para a época. De fato, alcançaria milhões de pessoas no mundo inteiro. Que empreendimento foi esse?	181 - *** jv cap. 5 pp. 59-60 Fotodrama da Criação — uma combinação de filme cinematográfico e slides, sincronizada com gravações musicais e discursos gravados em fonógrafos.
182 - Que anúncio histórico e marcante foi dado na manhã de sexta-feira, 2 de outubro de 1914? 	182 - kr p. 2 Carta do Corpo Governante “Os Tempos dos Gentios terminaram; seus reis já tiveram seus dias!” 
183 - Em que ano a Sociedade de Tratados da Torre de Vigia de Sião foi legalmente estatuída, com C. T. Russell como presidente? (A) 1870 (B) 1879 (C) 1880 (D) 1884 (E) 1889	183 - jv cap. 26 p. 576 - Em1884 
184 - Em que ano foi dado o anuncio de que se publicaria uma nova revista, The Golden Age (A Idade de Ouro, agora Despertai!)? (A) 1889 (B) 1895 (C) 1914 (D) 1918 (E) 1919	184 - jv cap. 26 p. 577 - 1919
185 - Em que ano se findou os "Tempos dos Gentios"?	185 - *** jv cap. 28 p. 637 - 1914 A. H. Macmillan, mais tarde escreveu: “Embora as nossas expectativas de sermos levados ao céu não se concretizassem em 1914, aquele ano deveras marcou o fim dos Tempos dos Gentios.
186 - Quem expressou as seguintes palavras: "Senhor, para quem havemos de ir? Tu tens declarações de vida eterna; e nós cremos e viemos a saber que tu és o Santo de Deus?"	186 – João 6: 68 – Simão Pedro, ou Pedro
187 - Em 1876 Russell entra numa relação de trabalho com N. H. Barbour. Seus grupos de estudos haviam se tornado associados. Russell fornecera recursos para reativar a impressão de uma revista, tendo a Barbour como editor e Russell como editor-assistente. Que revista foi essa? (A) Watch Tower (Torre de Vigia) (B) The Golden Age (A idade de Ouro)  (C) Herald of the Morning (Arauto da Aurora) (D) Do Paraíso Perdido ao Paraíso Recuperado 	187 - jv cap. 28 p. 619 a revista Herald of the Morning (Arauto da Aurora).
188 - Quais foram as 3 tentações de Cristo feito por Satanás?	188 – Mateus 4:1-10 (1) Transformar pedras em pães, (2) pular da muralha do templo, (3) fazer um ato de adoração ao Diabo.
189 - O 1º milagre de Jesus foi transformar água em vinho, em qual cidade ele estava quando realizou este milagre? (A) Jerusalém (B) Belém (C) Caná (D) Cafarnaum (E) Egito	189 – João 2:9-11 – Caná
190 - De acordo com o que foi registrado na Bíblia, quantos milagres aproximadamente Jesus Cristo fez? (A) 10 (B) 35 (C) 70 (D) 77 (E) 144	190- W15/07/2004 página 4 parágrafo 5 – 35 milagres
191 - Após ser batizado, Jesus passa algum tempo no deserto. Enquanto esteve por lá, não comeu nem bebeu nada. Por quanto tempo ele esteve em jejum?	191 - jy cap. 13 p. 36 par. 2 (Mateus 4:1, 2) 40 dias e 40 noites
192 - A Lei dada aos israelitas por meio de Moisés tinha qual propósito? (A) Proteção contra pecados (B) Conduzir a uma vida Organizada (C) Manter a fé em Jeová forte (D) Como tutor, conduzindo a Cristo (E) Proteger a descendência do Messias.	192 – Gálatas 3:23, 24 Tutor conduzindo a Cristo.
193 - Qual foi o homem que queria aprender mais sobre Jesus, porém o visitou à noite? (A) Nicolau (B) Zaqueu (C) José de Arimatéia (D) Nicodemos (E) General Céstio Galo 	193 – João 3: 1, 2 Nicodemos
194 - Diga o Livro, capítulo e versículo, a única passagem bíblica onde podemos encontrar escrito a palavra Armagedom?	194 – Apocalipse 16:16 
195 - O Diabo disse que estava disposto até mesmo a dar uma coisa a Jesus em troca de um ato de adoração. Que coisa era essa?	195 - *** jy cap. 13 p. 36 par. 6 todos os reinos do mundo
196-  Não se confunda ao responder. A mulher com quem Jesus falou junto ao poço, era natural de que cidade?	196 – João 4: 6, 7 – Samaria
197 - Jesus realizou dois milagres em Caná, um deles foi transformar água em vinho. Qual foi o outro?	197 – João 4: 46 -54 – Curou o filho de um funcionário do rei Herodes, à distância.
198- A Bíblia possui um total de 66 livros. Quantos livros compõe as escrituras hebraicas?	198 – 39 Livros
199 - Os massoretas dividiram as Escrituras Hebraicas em versículos; daí no século 13 EC acrescentaram-se as divisões em capítulos. Por fim, em qual ano a edição da Bíblia em Frances de Robert Estienne foi publicada como a 1ª Biblia completa com as atuais divisões de capítulos e versículos? (A) 1353 (B) 1553 (C) 1653 (D) 1753 (E) 1853	199 – Perspicaz vol.1 página 359 – 1553EC
200- Entre o fim das escrituras Hebraicas até o início das escrituras Gregas, houve um intervalo de tempo nas escritas. De quanto foi esse intervalo? (A) Quase 200 anos (B) Quase 400 anos (C) Quase 500 anos (D) Quase 700 anos (E) Quase 1.000 anos	200- Perspicaz vol.1 página 360 – Quase 500 anos
201 - Quem escreveu os livros de 1º e 2º Crônicas? (A) Moisés (B) Jó (C) Samuel (D) Esdras (E) Neemias	201 – Esdras
202 - Quem escreveu Atos dos Apóstolos?	202 – Lucas
203 -  Sabemos que alguns apóstolos trabalhavam como pescadores. Qual era a profissão do discípulo Lucas?	203 – Perspicaz vol.2 página 721 – Médico
204 - Nos tempos de Cristo, qual era a profissão de Levi?	204 – Mateus 10:3 e Marcos 2:14 – Cobrador de Impostos
205 - Quem sou? Sou primo de Barnabé. A casa da minha mãe era um local de adoração da primitiva congregação cristã. Fui inspirado a escrever um livro da Bíblia? Quem sou?	205 – Perspicaz vol.2 página 767 – Marcos
206 - Qual o país que se tornou a 1ª potência mundial?	206 – W 15/06/2012 página 9 parágrafo 7 – Egito
207 - Pense bem antes de responder. Que países compõem a potência anglo-americana?	207 – EUA e Grã-Bretanha. (OBS: Grã-Bretanha é uma das muitas ilhas Britânicas da Europa que abrange a maior parte do Reino Unido. Nesta ilha estão 3 das quatro nações britânicas: Escócia, Inglaterra e Pais de Gales).
208 - Complete o texto com a palavra correta: "Escutem a disciplina e tornem-se_________________."	208 – Provérbios 8:33 – sábios.
209 - Tiago 1:5 diz: "Se falta sabedoria em alguém que peça a Deus - pois ele dá a todos generosamente ... (a) sem negar (b) a quem pedir (c) sem censurar (d) sem medir esforços.	209 – Tiago 1:5 – sem censurar.
210 - Quem sou eu? Me tornei rei de Judá aos 25 anos. Fiz o que era direito aos olhos de Jeová. Triturei a serpente de cobre feita por Moisés. Derrotei filisteus. Quem sou eu?	210 – Rei Ezequias – 2ª Reis 18:1-4, 8.
211 - Que argumento usou Rabsaqué, o porta-voz de Senaqueribe, para tentar fazer com que Ezequias se rendesse?	211 – Nenhum deus conseguiu defender sua nação, será que Jeová conseguirá? – 2ª Reis 18:33-35.
212 - Responda completamente as seguintes perguntas: Ninrode o construtor da torre de babel era parente de qual servo fiel de Jeová? E qual o grau de parentesco ele era?	212 – Genesis 10: 6-8 – Ninrode era bisneto de Noé, servo fiel de Jeová
213 - Na ocasião da construção da torre de Babel, Jeová não se agradou desta construção. O que ele fez para impedi-la? 	213 – Genesis 11:6-8 – Confundiu o idioma deles, deste modo os espalhou ou fez com que falassem outros idiomas.
214 - Segundo "Meu Livro de Histórias Bíblicas", o que quer dizer a palavra Babel ou Babilônia?	214 – MLHB página 12 – Babilônia significa “confusão”.
215 - Após Jeová sentir o aroma do sacrifício de Noé que saíra da arca após o dilúvio. Jeová fez algumas promessas, dentre essas, podemos afirmar que ele...(A) Nunca mais destruirá todos homens (B) Nunca mais destruirá todos os seres vivos (C) Nunca mais destruirá toda a vegetação do solo (D) NDA	215 – Genesis 8:21 e 9:11 - Nunca mais destruiria todo os seres vivos.
216 - Um dos lugares onde as pessoas moravam após o dilúvio se chamava Ur. Qual é o personagem bíblico (que se tornou um patriarca famoso) na linhagem de Cristo que morou nesta cidade? 	216 – MLHB página 13 – Abraão
217 - Após morar em Ur, em qual cidade Tera e seus familiares foram morar?	217 – Genesis 11:31,32 - Harã
218 - Pense bem antes de responder. Quando Abraão tinha 99 anos, algo importante aconteceu em sua vida. O que foi?	218 – Genesis 17: 1-4 – “Recebeu a promessa” de que se tornará pai ou se tornará pai de nações.
219 - Após Abraão não negar seu único filho à Deus, Jeová poupou deste sacrifício fornecendo que um animal fosse sacrificado no lugar do menino. Que animal foi este? (A) Cordeiro (B) Carneiro (C) Cabritinho (D) Ovelha (E) Novilho	219 – Genesis 22:12,13 – Carneiro 
220 - Ao ver os dois anjos no portão da cidade de Sodoma, Ló ofereceu que eles se hospedassem em sua casa. Mas, eles recusaram dizendo que iriam passar a noite noutro lugar. Que lugar era esse? (A) A casa de Abraão (B)hospedaria da cidade (C) Nas tendas de Jericó (D) Na praça (E) NDA	220 – Gênesis 19:2 – Na praça 
221 - O sonho de todos os pais é que seus filhos encontrem cônjuges leais a Jeová. Não foi diferente no caso de Abraão. Qual o nome de filho e sua nora? 	221 – Genesis 24: 67 – Isaque e Rebeca
222 - Se você leu o apêndice da Bíblia, saberá responder essa pergunta. O que é o Códice de Leningrado?	222- TNM 2015 pagina 1790- é um manuscrito Massorético (cópia da bíblia ou fragmento bíblico).
223 - Com a finalidade de preservar os escritos sagrados, uma antiga tradição estabelecida por Deus, que exigia que o texto fosse copiado. A quem Jeová instruiu a fazer a sua própria cópia da Lei? 	223 – Deuteronômio 17:18 – Os reis de Israel
224 - Com a finalidade de que os escritos fossem preservados até a nossa época. A qual tribo Deus deu a responsabilidade de preservar a Lei e ensiná-la ao povo?	224 – Deuteronômio 31:26 e Neemias 8:7 – A tribo de Levi (Os levitas).
225 - Quem sou? Vivi em Babilônia durante o governo de Assuero, no tempo de Mordecai e Ester, na época em que saiu o decreto de exterminar os judeus em todo o Império Persa. Sou descendente de Eleazar e de Finéias, sou erudito, também copista destro além de instrutor da Lei, sou versado tanto no hebraico como no aramaico. Procurava preparar meu coração para consultar a Lei de Jeová e para praticá-la, e para ensinar seus decretos e decisões judiciais em Israel. Quem sou eu?	225 – Esdras 7:10 Perspicaz Vol.2 Pagina 13 – Esdras
226- Verdadeiro ou Falso? Um dos motivos de os manuscritos originais precisarem ser copiados era o fato de serem escritos em materiais perecíveis.	226 – TNM 2015 página 1794 – Verdadeiro: Um dos motivos de os manuscritos originais precisarem ser copiados era o fato de serem escritos em materiais perecíveis 
227 - Verdadeiro ou Falso? Embora os escritores inspirados se refiram a Deus usando muitos títulos e termos descritivos, como "Todo-Poderoso", "Altíssimo" e "Senhor", o Tetragrama é o único nome pessoal usado por eles para identificar a Deus.	227 – TNM 2015 AP A4 página 1795 -  Verdadeiro: Embora os escritores inspirados se refiram a Deus usando muitos títulos e termos descritivos, como “Todo-Poderoso”, “Altíssimo” e “Senhor”, o Tetragrama é o único nome pessoal usado por eles para identificar a Deus.
228 - Verdadeiro ou Falso? Só nos Salmos - um livro de escritos poéticos que eram cantados e recitados pelo povo de Deus -, o nome divino ocorre cerca de 1.500 vezes. 	228 – TNM 2015 AP 4 página 1795 – Falso: Só nos Salmos — um livro de escritos poéticos que eram cantados e recitados pelo povo de Deus —, o nome divino ocorre cerca de 700 vezes. 
229 - Verdadeiro ou Falso? Os discípulos de Jesus no primeiro século pronunciavam o nome dele de uma forma bem diferente do modo como a maioria dos cristãos o pronuncia hoje. Entre os cristãos judeus, o nome de Jesus era pronunciado Yesús. E o título Cristo era pronunciado Messiakhá, isto é, "Messias"	229 – TNM 2015 AP página 1795 – Falso:. Entre os cristãos judeus, o nome de Jesus provavelmente era pronunciado Yeshúa‛, e o título “Cristo” era pronunciado Mashíahh, isto é, “Messias”
230- Verdadeiro ou Falso? - De acordo com relatos bíblicos, houve um rei que reinou por apenas 1 mês.	230 - it-3 p. 510 Salum 2ª Reis 15:8, 10-15.- Verdadeiro 
231 - O que a idosa Ana do primeiro século, Hulda e Miriã irmã de Moises eram em comum? (A) Eram cristãs ungidas (B) Eram israelitas (C) Eram profetisas (D) Eram descendentes de Davi (E) NDA	231 - it-3 p. 339 Profetisas 
232 - Quem sou eu? Tenho nome de princesa, aliás fui elogiada por príncipes. Sou figura de um drama simbólico onde representei a "Jerusalém de Cima".  Já sofri desprezo, e por isso também humilhei.  Quem sou eu?	232 - it-3 p. 537 Genesis 12:15 – Sara
233 - Respondendo que é o Deus verdadeiro, complete o texto bíblico de Deuteronômio 4:39: "Saiba hoje e ponha no coração que Jeová é o verdadeiro Deus nos céus, em cima, e ........................ Não há outro."	233 -  ...na terra embaixo.
234- Quais são algumas das qualidades notáveis de Jeová?	234 – 1º João 4:8 Amor, Deuteronômio 32:4, Justiça Romanos 11:33, Sabedoria e Jeremias 32:17 Poder.
235 - Que termos ou títulos a Bíblia usa para nos ajudar a entender alguns aspectos da autoridade de Jeová?	235 - Isa. 33:22 “Jeová é o Juiz,  Legislador, Rei 
236 - O que significa dar a Jeová devoção exclusiva? São 4 pontos principais, cite-os:	236 - Mar. 12:30. “Amar a Jeová, de todo o seu coração (1), de toda a sua alma (2), de toda a sua mente (3) e de toda a sua força(4).” 
237 - Por que precisamos do resgate? 	237 - 2 Cor. 5:14, 15. O amor do Cristo nos impele, porque nós concluímos o seguinte: um só homem morreu por todos — de fato, todos tinham morrido. E ele morreu por todos para que os que vivem não vivessem mais para si mesmos, mas para aquele que morreu por eles e foi levantado.” Efé. 1:7. “Por intermédio dele temos o livramento por resgate, por meio do sangue dele, sim, o perdão das nossas falhas.” 
238 - O que é o espírito santo?	238 - Gên. 1:2 - A força ativa de Deus
239 - Quais são as características do fruto do espirito Santo?	239- Gál. 5:22, 23. “O amor, alegria, paz, paciência, bondade, benignidade, fé, brandura, autodomínio.” 
240 - Responda curto e objetivamente, o que é o Reino de Deus? Cite um texto bíblico que contenha essa palavra, "reino".	240- Dan. 2:44. Um Governo 
241 - Que bênçãos o Reino trará para a Terra e a humanidade? Mencione dois textos bíblicos que comprove as promessas destas bênçãos.	241 - Apo. 21:4. “Ele enxugará dos seus olhos toda lágrima, e não haverá mais morte, nem haverá mais tristeza, nem choro, nem dor. As coisas anteriores já passaram.”
242 - Como sabemos que estamos no tempo do fim e que o Reino de Deus já domina? 	242 - 2 Tim. 3:1-5 e Mat. 24:3 Sinais dos fins dos tempos.
243 - O que significa o nome Satanás? 	243 - it-3 p. 542 Satanás Opositor; Aquele Que Opõe
244 - Podemos pessoalmente provar que as acusações de Satanás contra os servos de Deus são falsas, por: (A) assistir regularmente as reuniões (B) pregar as boas novas a todos (C) nos dedicar e batizar à Jeová (D) sermos íntegros (E) sermos betelitas.	244 – Od página 178 - Jó 27:5 “Eu nunca os declararia justos! Até eu morrer não renunciarei à minha integridade!” — 
245 - O que acontecerá com Satanás e os demônios, durante o reinado milenar conforme o julgamento que Jeová decretou contra eles? 	245 - Apo. 20:1, 2. Preso no abismo por mil anos 
246 - O que é a alma humana? (A) Corpo físico (B) Folego de vida (C) Corpo espiritual (D) Energia que Jeová dá aos humanos (E) NDA 	246 -  Gên. 2:7 – Corpo físico
247 -Quantos humanos serão ressuscitados para a vida no céu? 	247 - Apo. 14:1, 3. 144 mil
248 - Verdadeiro ou Falso? A agressão física por um dos cônjuges  pode ser considerada uma das bases bíblicas para o divórcio e deixa o cônjuge inocente livre para se casar de novo.	248 - Falso - Mat. 19:9. “Eu lhes digo que quem se divorcia da sua esposa, a não ser por causa de imoralidade sexual, e se casa com outra, comete adultério.” 
249 - Sabemos que os cristãos devem se abster de sangue. Cite um texto bíblico que confirme essa ordem.	249 -Gên. 9:4. “Somente não comam a carne de um animal com seu sangue, que é a sua vida.” — Deut. 12:15, 16. “Sempre que você quiser, pode abater animais e comer carne . . . segundo a bênção que Jeová, seu Deus, lhe der. . . . Mas não comam o sangue. Você deve derramá-lo na terra como se fosse água.” — Atos 15:29. “Persistam em se abster de coisas sacrificadas a ídolos, de sangue, do que foi estrangulado e de imoralidade sexual.” 
250 - Por que os cristãos não estão sob a Lei mosaica e seus requisitos de oferecer sacrifícios e guardar o sábado?	250 -  Rom. 10:4. Porque Cristo é o fim da Lei. 
251 - Se um irmão cometer contra você um pecado sério, como fraude ou calúnia, o que você deve fazer imediatamente? (A) Leve o assunto perante dois anciãos (B) Informe que falará para os anciãos (C) Converse com ele perante duas testemunhas, mas antes faça uma oração. (D) Mostre-lhe seu erro, somente você e ele (E) Avise a congregação para que não faça novas vítimas.	251 - Mat. 18:15-17. “Se o seu irmão cometer um pecado, vá mostrar-lhe o seu erro, somente você e ele.
252 - Qual é o único evento que biblicamente os cristãos receberam a ordem de celebrar? (A) Aniversário de Casamento (B) Casamento (C) Batismo (D) Noivado (E) NDA	252 – NDA Luc. 22:19 
253 - Qual é o seu ponto de vista, ao se decidir se deve ou não participar em comemorações ou festas que são populares na sua comunidade? (A) Posso me divertir, desde que não tocar música impropria, ou me retiro do local imediatamente (B) Aproveito essas ocasiões para dar testemunho aos descrentes (C) Sou simpático, afinal, até mesmo Jesus andava com pecadores e cobradores de impostos (D) Não faço parte do mundo... (E) Comamos e bebamos, pois amanhã morreremos.	253 -João 17:16. “Eles não fazem parte do mundo, assim como eu não faço parte do mundo.” 1 Cor. 10:21. “Vocês . . . não podem participar da ‘mesa de Jeová’ e da mesa de demônios.”
254 - Na ordem estabelecida por Deus, quem é o cabeça da mulher casada?	254 – Hebreus 1:14.  Para os que vão herdar a salvação.
255 - O profeta Daniel observou numa visão o Antigo de Dias no Seu trono celestial, e viu também que "mil vezes mil [anjos] o serviam, e dez mil vezes dez mil estavam de pé diante dele". A Bíblia se refere a esse exército de anjos como "espíritos que prestam serviço sagrado; A quem eles servem? (A) A Jeová (B) Ao que está sentado no trono (C) Ao Cordeiro (D) Aos que vão herdar a salvação (E) Aos ungidos	255- Heb. 1:14 para servir os que vão herdar a salvação. 
256 - Ao receber a visão Isaías ficou impressionado e se sentiu pequeno quando entendeu a grandiosidade da organização de Jeová. Essa experiência teve um impacto tão grande nele. Quando saiu do céu uma convocação para um trabalho especial, qual foi a resposta dele?	256 -Isa. 6:1-5, 8. “Aqui estou! Envia-me!” 
257 - Reconhecer a organização de Jeová e ser grato por ela motiva seu povo. À medida que a organização avança, procuramos acompanhar o seu passo. Nós nos esforçamos em demonstrar confiança na organização de Jeová hoje.  O capítulo 1 da profecia de Ezequiel apresenta Jeová fazendo o que? 	257- Dirigindo um grandioso carro celestial.
258 - Complete a sentença. Ao pensar no papel que Deus designou a Cristo, reconhecemos que esse papel tem muitas facetas. Jesus serve como Redentor da humanidade, Sumo Sacerdote, Cabeça da congregação cristã e agora como... 	258- 1ª Coríntios 15:25 e Od página 12-13 parágrafo 2...Como Rei do Reino de Deus. 
259 -  Leia Mateus 24:45 e responda as perguntas: Quem compõe o escravo fiel e prudente? E o que ele faz? 	259 – Od páginas 18-19 parágrafo 5 - se compõe de um pequeno grupo de cristãos ungidos diretamente envolvidos na preparação e distribuição de alimento espiritual durante a presença de Cristo.
260- Leia Mateus 24:45 e responda à pergunta: Em termos simples, quem então são os "domésticos"?	260- Od páginas 18-19 parágrafo 7 - Em termos simples, são aqueles que são alimentados. No início dos últimos dias, todos os domésticos eram cristãos ungidos. Depois, os domésticos passaram a incluir a grande multidão de “outras ovelhas”. 
261- Durante a grande tribulação, quando Jesus vier para proferir e executar julgamento contra este sistema perverso, sobre o que ele encarregará o escravo fiel?	261 – Od páginas 19-20 parágrafo 8 - “de todos os seus bens”. 
262 - AO LONGO dos séculos, o povo de Jeová tem se reunido de modo organizado. No Israel antigo, todos os homens viajavam até Jerusalém para festividades judaicas. Quais eram e seus nomes?	262 – Deuteronômio 16:16 - Eram 03 Festividades dos pães não fermentados, festividades das barras e festividade das semanas.
263 - Em nossos dias, as reuniões cristãs seguem o modelo estabelecido nos tempos dos apóstolos. Nós acatamos o conselho inspirado: "Pensemos uns nos outros . . .não deixando de nos reunir, como é costume de alguns, mas nos encorajando uns aos outros, e ainda mais ao passo que vocês veem chegar o dia."  Em qual carta, capítulo e versículo da Bíblia contém esse conselho?	263 – Hebreus 10:24, 25
264 - Para tirarmos pleno proveito da Reunião Pública, é essencial prestar atenção, procurar os textos citados pelo orador e acompanhar a leitura e a explicação deles. Em qual período da semana geralmente é realizada essa reunião?	264 – Od página 54 e 56, parágrafo 5 – sábado/domingo ou fins de semana.
265 - Verdadeiro ou Falso :  O discurso público normalmente é seguido pelo Estudo de A Sentinela, uma consideração por perguntas e respostas de artigos publicados na edição de estudo da revista A Sentinela.	265 –Od página 58, 59 parágrafo11 – Verdadeiro.
266 - Quantas partes possui a reunião de meio de semana e quais são os nomes de cada uma?	266 – Od páginas 59, 60 parágrafos 14-16. (1º) Tesouros da Palavra de Deus, (2º) Faça seu melhor no ministério (3º) Nossa Vida Cristã.
267 - Não se confunda, qual o nome completo do material espiritual com o conteúdo das reuniões de meio de semana? (A) Apostila de Reuniões Semanais (B) Apostila da Reunião Vida e Ministério (C) Apostila da Reunião Nossa Vida Cristã (D) Apostila da Reunião Vida e Ministério Cristão (E) Apostila da Reuniões Tesouros Espirituais e Nossa Vida Cristã. 	267 – Od páginas 60, 61 parágrafos 18. (B) Apostila da Reunião Vida e Ministério.
268 - Fale um a um todo os itens do kit de ensino. Vou ajudar, são 07 itens, não esqueça de nada hein.	268 - https://www.jw.org/pt/publicacoes/jw-apostila-do-mes/abril-2018-mwb/programa-reuniao-abr30-mai6/use-bem-o-kit-de-ferramentas-de-ensino/#?insight[search_id]=86a793dd-3b82-4796-851c-0f71c471893e&insight[search_result_index]=0 (1) Revistas (2) Brochuras (3) Livros (4) Folhetos (5) Vídeos (6) Convites (7) Cartões.
269 - Você conhece todos os nossos folhetos? Escreva em um papel os temas de 5 deles. Se acertar todos os 08 temas, avance mais 1 casa. (não vale errar nenhuma letra hein).	269 – https://www.jw.org/pt/publicacoes/jw-apostila-do-mes/abril-2018-mwb/programa-reuniao-abr30-mai6/use-bem-o-kit-de-ferramentas-de-ensino/#?insight[search_id]=86a793dd-3b82-4796-851c-0f71c471893e&insight[search_result_index]=0  (1) O que você acha da bíblia?  (2) O que você espera do futuro? (3) Qual o segredo para ter uma família feliz? (4) Quem controla o mundo? (5) O sofrimento vai acabar algum dia? (6) Será que os mortos podem voltar a viver? (7) O que é o Reino de Deus? (8) Onde encontrar as respostas mais importantes da vida? 
270 - Qual é o texto temático impresso na página principal de nosso convite para as reuniões congregacionais? (A) (Apocalipse 7:17) (B) (Mateus 7:13, 14) (C) (Salmo 97:11) (D) Hebreus 10:24-25 (E) NDA	270- (E) NDA Mateus 5:3
271 - De acordo com o contexto bíblico, quando Jeová olha para nós, ele não se concentra em nossa aparência, no que somos por fora. Ele vê o que somos por dentro. Por assim dizer, ele olha para: (A) Nossas Ações (B) Nosso Coração (C) Nossa intenção (D) Nosso íntimo (E) Nossa Fé	271 – 1ª Samuel 16:7B – Nosso coração
272 - Apesar do pecado de Adão e Eva, muitos dos seus descendentes foram leais a Jeová. A lealdade deles a Deus nos faz lembrar do que os israelitas arrependidos disseram em Isaías 64:8: "Ó Jeová, tu és o nosso Pai. Somos o barro, e tu és o nosso ...	272 - Isaias 64:8. Nosso oleiro.
273 - De acordo com instruções do livro Organizados, quanto tempo deve durar a reunião de consideração para o serviço de campo? (A) seis/oito  minutos (B) cinco/sete minutos (C) seis/sete minutos (D) sete/oito minutos (E) cinco minutos 	273 – Od página 63 parágrafo 21 - Essas reuniões duram de cinco a sete minutos.
274 - Verdadeiro ou Falso. Pode haver congregações pequenas compostas só de irmãs. Nesse caso, uma irmã que faz orações na congregação ou dirige reuniões...em harmonia com o procedimento bíblico. A filial pedirá a uma das irmãs que seja responsável pela correspondência com o Escritório e cuide das reuniões. Com o tempo, quando irmãos se qualificarem para fazer isso, eles cuidarão dessas responsabilidades.	274 – Od página 63-64 parágrafo 23 – Verdadeiro “Pode haver congregações pequenas compostas só de irmãs. Nesse caso, uma irmã que faz orações na congregação ou dirige reuniões faz isso com a cabeça coberta, em harmonia com o procedimento bíblico. (1 Cor. 11:3-16) Na maioria dos casos, ela fica sentada, de frente para o grupo. As irmãs não fazem discursos da tribuna, como os irmãos. Em vez disso, elas leem e comentam a matéria fornecida pela organização, ou, para variar, podem apresentar a matéria em forma de consideração com a assistência ou demonstrações. A filial pedirá a uma das irmãs que seja responsável pela correspondência com o Escritório e cuide das reuniões. Com o tempo, quando irmãos se qualificarem para fazer isso, eles cuidarão dessas responsabilidades”
275 - Verdadeiro ou Falso. Todo ano é feita uma programação para que as congregações designadas ao mesmo circuito se reúnam em duas assembleias de circuito de um e dois dias. Essas ocasiões dão a todos na assistência oportunidades de 'abrir amplamente seu coração' numa alegre associação cristã.	275 – Od página 63-64 parágrafo 24 – Falso Assembleias de “um dia”.
276 - Uma vez por ano, realizamos reuniões maiores. São ocasiões onde reunimos congregações de vários circuitos. Filiais menores talvez achem mais prático que todas as congregações no território da filial se reúnam num só local. Para o povo dedicado de Jeová, são alegres oportunidades para adorar a Deus em união. Têm sido ocasiões oportunas para se revelar mais esclarecimento da verdade. Em alguns desses eventos, são lançadas publicações para estudo pessoal e congregacional ou para uso no ministério de campo. Qual o nome que damos a esse evento?	276 – Od página 64-65 parágrafo 25 – Congressos regionais.
277 - Baseada no texto de Lucas 22:19. Essa é a reunião mais importante do ano para o povo de Jeová. Qual o nome desta reunião? 	277 – Od página 65-66 parágrafo 28 – Ceia do Senhor (Santa Ceia)  / Celebração da Morte de Cristo / Comemoração da Morte de Cristo / Memorial da Morte de Cristo.
278 - A Páscoa era a celebração anual do Êxodo dos israelitas, que ocorreu quando saíram do Egito. Naquela ocasião, Jeová marcou este dia como a data para comerem o cordeiro pascoal e deixar o cativeiro no Egito. Qual é a data da Celebração que é indicada nas Escrituras? E em que ano ela foi celebrada pela 1ª vez?	278 – Od página 65-66 parágrafo 29 Exôdo 12:1-51 – 14 de Nisã de 1513 AEC
279 - Verdadeiro ou Falso. Ao preencher seu relatório de atividades de campo, na linha "Publicações", anote o nº total de publicações - impressas ou em formato digital - que você entregou ou enviou para alguém que não é uma Testemunha de Jeová batizada. Isso inclui publicações que você entregou pessoalmente para alguém ou que enviou por meio de links num e-mail. 	279-
280 - Verdadeiro ou Falso. Ao preencher seu relatório de atividades de campo, na linha "Vídeos mostrados", anote quantas vezes você mostrou um dos nossos vídeos no ministério.	280-
281 - Verdadeiro ou Falso. O pai (ou a mãe) que dirige a Noite de Adoração em Família pode contar uma revisita por semana se um filho não batizado estiver presente. 	281-
282 - Pode-se fazer uma revisita não apenas visitando alguém em sua casa, mas também por meio de carta, telefonema, mensagem de texto, e-mail, ou entregando publicações, como o número mais recente de uma revista.	282-
283 - Toda vez que acompanhar um estudo bíblico, deve-se contar uma revisita em seu relatório de campo.	283-
284 - Verdadeiro ou Falso. Pode-se também relatar um estudo bíblico, quando este é dirigido para irmãos inativos.	284 - Od página 75-77 parágrafo 26 - Verdadeiro. Deve se relatar este estudo, quando passou sob a orientação de um membro da comissão de serviço. 
285- Quantos anos Davi tinha quando começou a reinar? (A) 25 anos (B) 30 anos (C) 35 anos (D) 40 anos (E) 50 anos.	285 - (2 Samuel 5:4)  (B) Davi tinha 30 anos de idade quando se tornou rei e reinou por 40 anos.
286 - Quem escreveu o livro bíblico de Jó? 	286 – TNM pagina 1722 – Moisés
287 - Escolha dentre as opções, quais foram os três escritores do livro de Provérbios? (   ) Lemuel  (   ) Salomão (    ) Davi  (    ) Jó  (   ) Filhos de Corá	287 – TNM pagina 1722 – Salomão, Agur e Lemuel.
(   ) Asafe (   ) Etã  (   ) Agur   (    ) Moisés   (   ) Josué   	288 - (2 Crônicas 14:9) Mais tarde Zerá, o etíope, veio contra eles com um exército de 1.000.000 de homens. 
288 - O rei Asa tinha um exército de 300.000 homens de Judá, equipados com escudos grandes e lanças. De Benjamim, havia 280.000 guerreiros valentes que portavam escudos pequenos e estavam armados com arcos. Mais tarde Zerá, o etíope, veio contra eles com um exército. É o maior exército registrado na Bíblia contra o povo de Deus. Quantos homens compunha esse exército?	289 – TNM página 1763 - Sisaque, Sô, Tiraca, Neco e Hofra.
289 - A Bíblia menciona 5 nomes de Faraós, cite pelo menos um.	290 – (Jeremias 45:5) “a sua vida” como despojo’.”
290 - Baruque desejava bens materiais, mas segundo Jeová o prometeu, o que Baruque levaria como despojo?	291 - TNM página 1762 – Estaca de Tortura Stau-rós
291 - A Bíblia geralmente usa a palavra grega para se referir ao instrumento em que Jesus foi executado. Que palavra é essa? (A) stau·rós (B) néfesh (C) cruz (D) hó·plon (E) má·khai·ra  	292– TNM página 1812 – Ano 2 AEC (cerca de Outubro).
292 - Em que ano Jesus Cristo nasceu? (A) Ano zero (B) 33 EC (C) 02 AEC (D) 02 EC (E) NDA	293 - Lucas 2:1 – César Augusto.
293 - Quem governava a potência mundial Roma, quando Cristo nasceu? (A) Nero (B) Júlio César (C) César Augusto (D) Marco Antônio (E) Constantino.	294 -  Gênesis 3:24 “O caminho para a árvore da vida.” 
294 - O que os querubins guardavam no Éden?	295  - Judas 9 - Miguel.
295 - Qual é o nome pelo qual o arcanjo é conhecido?	296 - Isaías 6:3 - “Santo, santo, santo é Jeová.” 
296 - Isaías ouviu os serafins dizendo o quê?	297 – Números 22: 26-31 – Balaão
297 - Quem sou eu? Ignorei os avisos de um anjo e as queixas de uma jumenta.	298 - Daniel 8:15 / 9:21 Lucas 1:19 Gabriel.
298 - Quem sou eu? Transmiti uma mensagem a Daniel, a Zacarias e à mãe de Emanuel.	299 - Ezequiel 18:4 Pois todas as almas pertencem a mim. Tanto a alma do pai como a alma do filho pertencem a mim. A alma que pecar é a que morrerá.
299 - Responda a estas perguntas e escreva os versículos bíblicos que estão faltando. O que acontece à alma que peca? Ezequiel 18:________	300- Isaias 8:3 – Segundo filho do Profeta Isaías.
300 - Quem foi o pai MAER-SALAL-HÁS-BAS?	301 - W91 1/2 p. 17 par. 10 Honremos o filho, o agente principal de Jeová - O arcanjo Miguel luta em favor do Reino de Deus, assumindo a liderança em purgar dos céus a Satanás e suas hordas demoníacas. (Revelação 12:7-10) E o profeta Daniel diz que ‘ele está de pé a favor dos filhos de teu povo’. (Daniel 12:1) Parece, portanto, que Miguel é “o anjo do verdadeiro Deus, que ia na frente do acampamento de Israel” e que é ele quem Deus usou para levar seu povo à Terra Prometida. “Guarda-te por causa dele e obedece à sua voz”, ordenou Deus. “Não te comportes rebeldemente contra ele,. . . porque meu nome está nele.” (Êxodo 14:19; 23:20, 21) Sem dúvida, o arcanjo de Jeová deve ter-se interessado grandemente pelo povo típico de Deus, que levava Seu nome. Mui apropriadamente ele acudiu outro anjo que fora enviado para consolar o profeta Daniel e que havia sido atacado por um poderoso demônio. (Daniel 10:13) Portanto, pode-se razoavelmente concluir que o anjo que destruiu os 185.000 guerreiros de Senaqueribe não foi outro senão Miguel, o arcanjo. — Isaías 37:36.
301 - De acordo com a Sentinela 1º de Fevereiro de 1991 página 18, parágrafo 10, qual o provável nome do anjo que matou 185 mil soldados do Rei Senaqueribe?	302 - (Mateus 5:18) “Deveras, eu vos digo”
302 -  Que expressão Jesus freqüentemente usava para enfatizar aos seus ouvintes a exatidão das suas declarações? 	303 - (1 Crônicas 12:8-14)Os homens velozes, corajosos e poderosos da tribo de Gade que se juntaram a Davi no ermo enquanto ele ainda estava sob restrições por causa do rei Saul
303 - De quem se dizia: "O mínimo era igual a cem e o maior igual a mil"? 	304 -(2 Samuel 2:18)Zeruia, a mãe deles
304 - O nome de quem é comumente associado aos três combatentes de Davi - Joabe, Abisai e Asael? 	305 - (Marcos 13:13)Perseverar até o fim
305 - Apesar de se tornar objeto de ódio das pessoas por causa do seu nome, o que Jesus disse que se deve fazer para ser salvo? 	306 - (Ester 9:10) Dez.
306 - Quantos filhos tinha Hamã, todos mortos por causa da hostilidade aos judeus? 	307 - (Isaías 6:6) Um serafim.
307 - Que espécie de criatura espiritual tocou os lábios de Isaías com uma brasa viva para que ele cumprisse com sua designação profética? 	308 – (Lucas 8:3) Cuza
308 - Quem era o "encarregado" de Herodes, cuja esposa, Joana, ministrava a Jesus? 	309 - (1 Timóteo 3:1) “O cargo de superintendente”
309 -Que cargo de responsabilidade Paulo encorajou os homens a procurar alcançar na congregação? 	310 - (Gênesis 2:10-14) Píson, Giom, Hídequel e Eufrates
310 - O "rio saindo do Éden" deu origem a que quatro rios? 	311 - (Gálatas 5:9) Levedar a massa toda
311 - Paulo indicou que um pouco de fermento era capaz de fazer o quê? 	312 - (Gênesis 9:18, 19) Sem, Cã e Jafé
312 - Quais eram os nomes dos três filhos de Noé, dos quais se ramificou "toda a população da terra"? 	313 - (1 Samuel 1:19, 20) Elcana.
313 - Quem era o pai do profeta Samuel? 	314 - (Juízes 5:19) Megido.
314 - Nos arredores de que cidade estratégica, de onde se avistava o vale de Jezreel, foram travadas muitas batalhas decisivas? 	315 - (Josué 9:27) Eles se tornaram “ajuntadores de lenha e tiradores de água para a assembléia e para o altar de Jeová”
315 - Salvos devido a sua artimanha, os gibeonitas foram designados a que tarefas? 	316 - (Mateus 10:2) Apóstolos
316 - Que designação receberam os 12 discípulos escolhidos pessoalmente por Jesus? 	317 - (Mateus 23:8, 10) Rabi e Líder
317 - Jesus ordenou seus discípulos a não usarem que títulos, os quais cabiam apenas a ele? 	318 - (Hebreus 13:24) Itália
318 - De que país Paulo escreveu a carta aos hebreus? 	319 - (Jó 19:20) “Eu escapo com a pele dos meus dentes”
319 - Que frase Jó usou para expressar que ele mal havia conseguido escapar da morte? 	320 - (Rute 3:3) Na eira.
320 - Na antiguidade, em que lugar os grãos eram separados da haste e da pragana? 	321 - (Gênesis 37:3-11) Porque seu pai o amava mais e por causa dos sonhos que ele teve
321 - Por que motivos os irmãos de José o odiavam? 	322 - (2 Samuel 12:24; 1 Reis 10:23, 24) SALOMÃO
322 - Filho de Davi com Bate-Seba, que reinou sobre Israel, conhecido também por sua sabedoria. 	323 - (2 Reis 19:35, 36) ASSÍRIA
323 - País que perdeu 185.000 soldados numa só noite quando atacou o reino de Judá.	324 -(Êxodo 16:35) MANÁ
324 - Principal alimento dos israelitas durante a peregrinação de 40 anos no ermo. 	325 - (1 João 4:8) AMOR
325 - Qualidade dominante de Jeová. 	326 - (2 Samuel 15:23-29, 35, 36; 17:15, 16) ZADOQUE
326 Sacerdote de destaque que atuou como informante de Davi, com outros levitas, durante a revolta de Absalão. 	327 - (Números 3:41) LEVITAS
327 - Os escolhidos por Jeová em lugar de todos os primogênitos das outras tribos. 	328 - (Números 32:1-5) ATAROTE
328 - Cidade ao leste do Jordão, primeira alistada entre as solicitadas pelas tribos de Gade e Rubem como posse.	329 - (Números 23:28) PEOR
329 - Terceiro ponto elevado ao qual Balaão foi conduzido pelo Rei Balaque para amaldiçoar a Israel. 	330 - (Isaías 36:21, 22) JOÁ
330 - Cronista, filho de Asafe, um dos enviados pelo Rei Ezequias para ouvir o que o mensageiro assírio, Rabsaqué, tinha a dizer. 	331 - (Josué 7:24-26) ACOR
331 - Vale, ou baixada, onde Acã e sua família foram apedrejados. 	332 - (Gênesis 5:28, 29) LAMEQUE
332 - Pai de Noé. 	333 - (Gênesis 8:4) ARARATE
333 - Cadeia de montanhas onde a arca de Noé pousou. 	334 - (Jeremias 32:12) BARUQUE
334 - Secretário-escriba de Jeremias. 	335 - (Gênesis 14:1-16) ELÃO
335 - País cujo rei, Quedorlaomer, foi líder da coalizão cananéia que resultou no saque de algumas cidades - inclusive Sodoma - e no cativeiro de Ló, resgatado por Abraão. 	336 - (João 2:1-12) CANÁ
336 - Cidade onde Jesus realizou seu primeiro milagre. 	337 - (1 Reis 22:51-53; 2 Reis 1:2-17) ACAZIAS
337 - Rei de Israel, filho de Acabe e Jezabel, que quando enfermo, em vez de indagar de Jeová, enviou mensageiros ao deus filisteu Baal-Zebube. 	338 - (Gálatas 5:22; Efésios 5:9) BONDADE
338 - Qualidade ou condição de ser bom, excelência moral, virtude. 	339 -(Neemias 2:19; 4:1) SAMBALÁ
339 - Horonita que se opunha aos esforços de Neemias de recuperar a muralha de Jerusalém. 	340 - (2 Timóteo 4:21) LINO
340 - Cristão em Roma, mencionado pelo apóstolo Paulo como enviando saudações a Timóteo. 	341 - (1 Samuel 22:6-20) ABIATAR
341- Único sacerdote que escapou da matança feita por Doegue, às ordens de Saul.	342 - (2 Crônicas 9:1; Salmo 45:14) SÉQUITO
342 - Conjunto de pessoas que acompanham alguém por dever oficial ou cortesia; comitiva, cortejo. 	343 - (Jeremias 31:15) RAMÁ
343 - Cidade mencionada na profecia de Jeremias de onde procedia o som do choro de Raquel por seus filhos. 	344 - (Gênesis 14:1-16) ANRAFEL
344 - Rei de Sinear, aliado de Quedorlaomer, rei de Elão, desbaratado por Abraão quando resgatou Ló. 	345 -  (2 Reis 19:2; Isaías 1:1) AMOZ
345 - Pai do profeta Isaías.	346 -(2 Samuel 16:23)  AITOFEL
346 - Conselheiro de Davi, cujas palavras eram qualificadas como procedendo diretamente de Jeová. 	347 -(Atos 6:1-6) PRÓCORO
347 - Terceiro dos homens acreditados escolhidos para garantir a distribuição eqüitativa de alimentos entre os cristãos na congregação em Jerusalém. 	348 - (Números 20:22-29)HOR
348 - Monte onde Arão faleceu antes da entrada de Israel na Terra Prometida. 	349 -(Êxodo 6:23) ELISEBA
349 - Filha de Aminadabe, esposa de Arão e mãe de Nadabe, Abiú, Eleazar e Itamar. 	350 -(1 Reis 4:13; Isaías 25:12)  MURALHA
350 - Estrutura de alvenaria que servia para a proteção das cidades. 	351 -(Colossenses 4:17) ARQUIPO
351 - Cristão exortado por Paulo à fidelidade no ministério. 	352 -(Mateus 21:1, 2) BETFAGÉ
352 - Cidade de onde Jesus enviou seus discípulos para conseguirem o jumento em que ele montou na sua entrada triunfal em Jerusalém. 	353 -(Daniel 3:1)  DURA
353 - Planície onde Nabucodonosor erigiu uma imagem de ouro. 	354 - (Deuteronômio 3:1-3) BASÃ
354 - Grande região ao leste do mar da Galiléia, governada por Ogue, e que foi entregue por Jeová nas mãos dos israelitas. 	355 -  (Deuteronômio 8:4) CAPA
355 - Vestimenta usada pelos israelitas e mencionada como não tendo se desgastado durante o tempo de sua peregrinação pelo ermo.	356 - (Gênesis 41:50-52) EFRAIM
356 - Filho de José com Asenate, nascido no Egito.	357 - (Gênesis 23:2-20) HEBRON
357 - Cidade onde morreu e foi enterrada Sara, esposa de Abraão.	358 - (Jeremias 37:13, 14) IRIJA
358 - Oficial que prendeu Jeremias sob acusação falsa de tentar desertar para os babilônios.	359 - (Atos 18:26) AQUILA
359 - Cristão que, com sua esposa, ajudou Apolo a obter mais entendimento do caminho de Deus. 	360 - (2 Reis 15:30) OSEIAS
360 - Rei de Israel que chegou ao trono por conspirar e matar seu antecessor, o Rei Peca. 	361 - (Provérbios 3:10; Isaías 63:2) LAGAR
361 - Usado para espremer frutos e obter seu sumo. 	362 - (1 Reis 14:1-18) ABIAS
362 - Filho do Rei Jeroboão I. Faleceu na sua juventude em resultado de um julgamento de Jeová.	363 -  (1 Samuel 16:16, 18, 23) HARPA
363 - Instrumento que Davi tocava com perícia.	364 - (Números 8:7) NAVALHA
364 - Instrumento usado pelos levitas para rapar o corpo na investidura no serviço junto à tenda de reunião. 	365 -  (1 Reis 16:30, 31; 18:4, 19) JEZABEL
365 - Adoradora de Baal, esposa de Acabe.	366 - (Rute 4:9-10) MALOM
366 - Ele casou-se com a moabita Rute, morreu sem filhos e sua descendência foi suscitada pelo casamento levirato de Rute com Boaz. 	367 - (1 Reis 11:23-25) REZOM
367 - Opositor de Salomão, suscitado por Jeová, especialmente após o desvio de Salomão. 	368 -. (Atos 14:19-21) DERBE
368 - Cidade a que Paulo se dirigiu com Barnabé depois de ser apedrejado em Icônio.	369 - (Ester 8:1-8) RAINHA
369 - Consorte ou esposa principal de um rei. 	370 -  (1 Reis 5:7-14) LIBANO
370 - Hirão, rei de Tiro, controlava parte desta região, de onde supriu madeira a Salomão. 	371 - (Tito 1:5) CRETA
371 - Ilha onde Tito ficou para corrigir certas situações nas congregações locais. 	372 - (2 Crônicas 22:11, 12) ATALIA
372 - Filha de Jezabel que matou todos da linhagem real, menos Jeoás, para tomar posse como rainha. 	373 - (Mateus 14:1-11; Estudo Perspicaz, volume 3, página 510) SALOME
373 - Ela dançou para Herodes resultando, por instigação de sua mãe, na morte de João Batista. 	374 - (Miquéias 5:2) EFRATA
374 - Nome primitivo de Belém ou da região circunvizinha. 	375 - (Atos 26:2, 3) AGRIPA
375 - Bisneto de Herodes, o Grande, diante de quem Paulo deu testemunho cabal.	376 - (1 Samuel 14:49; 18:27, 28) MICAL
376 - Filha de Saul que se tornou esposa de Davi. 	377 - (Salmo 69:21; João 19:28-30) VINAGRE
377 - Bebida que provavelmente deram a Jesus quando estava na estaca de tortura. 	378 - (1 Crônicas 5:26) HABOR
378 - Cidade para a qual o rei assírio Tiglate-Pileser III exilou muitos israelitas. 	379 - (Atos 17:10, 11) BEREIA
379 - Cidade da Macedônia, cujos habitantes eram diligentes em examinar as Escrituras. 	380 -  (2 Reis 24:6, 8, 12; Jeremias 29:2) NEUSTA
380 - Esposa do Rei Jeoiaquim, que acompanhou os primeiros cativos levados para Babilônia.	381 - (1 Reis 15:27-30) BAASA
381 - Terceiro rei do reino de dez tribos de Israel que usurpou o trono por matar Nadabe. 	382 - (Gênesis 14:18) SALEM
382 - Cidade onde Melquisedeque era rei e sacerdote. 	383 - (Josué 11:1-13) HAZOR
383 - O rei desta cidade foi cabeça das forças unidas de Canaã contra Josué. 	384 - (Apocalipse 6:5, 6) PRETO
384 - A cor do cavalo que simboliza a fome em Apocalispe.	385 - (Mateus 2:16)HERODES
385 - Rei que ordenou a matança de bebês após o nascimento de Jesus. 	386 - (Êxodo 17:1-7; Salmo 81:7) MERIBA
386 - Local onde Moisés golpeou o rochedo. 	387 - (Juízes 3:9) OTNIEL
387 - Primeiro juiz de Israel nominalmente citado, depois de Josué. 	388 - (1 Reis 16:30, 31) ETBAAL
388 - Rei dos sidônios, pai de Jezabel, esposa do Rei Acabe.	389 - (1 Samuel 27:1-3) MAOQUE
389 - Pai de Aquis, rei de Gate, junto a quem Davi e seus homens encontraram refúgio contra Saul. 	390 - (Salmo 150:4) DANÇA
390 - Execução rítmica de movimentos, acompanhada de música. 	391 - (1 Reis 17:1-6) ELIAS
391 - Profeta de Israel que foi alimentado por corvos. 	392. (Romanos 12:21) A ‘persistir em vencer o mal com o bem’
392 - Em vez de nos permitir ser 'vencidos pelo mal', o que Paulo nos aconselha a fazer? 	393. (Mateus 5:41) Ele estava ilustrando a necessidade de submissão voluntária a exigências legítimas
393 - O que Jesus quis dizer com a declaração: "Se alguém sob autoridade te obrigar a prestar serviço por mil passos, vai com ele dois mil"? 	394. (1 Pedro 3:3, 4) Com a “vestimenta incorruptível de um espírito quieto e brando”
394 - Como aconselhou Pedro que as esposas cristãs se adornassem, em vez de com trançados dos cabelos e ornamentos de ouro? 	395. (Isaías 51:1)  “A rocha de que fostes talhados”
395 - Isaías chamou Abraão de que, querendo dizer que era o pai humano da nação de Israel?	396. (2 Samuel 23:15-17) Porque ela representava o sangue deles, que haviam arriscado para obtê-la
396 - Por que Davi, quando estava na caverna de Adulão, recusou-se a beber a água que três guerreiros foram buscar em Belém? 	397. (2 Samuel 11:2) Tomando banho
397 - O que Bate-Seba estava fazendo quando Davi a viu pela primeira vez? 	398. (2 Coríntios 3:3)  “Com espírito dum Deus vivente”
398 - Em vez de com tinta, com que disse Paulo que se inscreveu no coração dos cristãos coríntios? 	399. (Êxodo 10:19) Um fortíssimo vento ocidental os varreu para o mar Vermelho
399 - Como Jeová removeu os gafanhotos da oitava praga, de forma que não restou nenhum deles no Egito? 400 - Por que Jeová entregou Saul à morte? 	400. (1 Crônicas 10:13) Ele agiu de modo infiel para com Jeová por não seguir Suas instruções e por consultar uma médium espírita
401 - Em que cidade portuária Paulo fez baldeação como prisioneiro com destino a Roma? 	401. (Atos 27:5) Mirra, na Lícia
402 - Como Jeová mostrou sua preocupação com as viúvas e com os meninos órfãos de pai no antigo Israel? 	402. (Êxodo 22:22-24; Deuteronômio 24:17-21) Ele fez provisões para o seu bem-estar e sustento
403 - Que nome foi dado ao campo que os sacerdotes compraram com o dinheiro que Judas lançou no templo? 	403. (Mateus 27:3-8; Atos 1:19) Acéldama, ou “Campo de Sangue”
404 - Por que Pedro censurou Simão por ter oferecido dinheiro para obter a autoridade de conferir espírito santo? 	404. (Atos 8:20, 21) Ele demonstrou motivação errada ao tentar comprar a “dádiva gratuita de Deus” e seu coração não era “reto à vista de Deus”
405 - Quantos anos tinha Sara quando deu à luz Isaque? 	405. (Gênesis 17:17)Ela tinha 90 anos
406 - Como se chamava a terra para a qual Elimeleque e sua esposa, Noemi, emigraram por causa da fome, e onde seu filho Malom casou-se com Rute? 	406. (Rute 1:1-4) Moabe
407 - Quem o apóstolo João viu "no meio dos candelabros", fornecendo-lhe mensagens para as sete congregações? 	407 -(Revelação [Apocalipse] 1:13) Jesus Cristo, a quem João descreveu como “alguém semelhante a um filho de homem”
408 - Destacado profeta, filho de Ana e Elcana. 	408 - (1 Samuel 1:21, 22, 24-28) SAMUEL
409 - Filho mais velho de Saul que tinha uma amizade altruísta com Davi. 	409 - (1 Samuel 14:1;18:1, 3) JONATÃ
410 - Sogra de Rute. 	410 - (Rute 2:22) NOEMI
411 - Avô de Davi, filho de Boaz e Rute. 	411 - (Mateus 1:5, 6) OBEDE
412 - Mulher que escondeu os israelitas quando estes espionavam Jericó. 	412 - (Josué 2:1-5) RAABE
413 - Uma das quatro cidades fundadas por Ninrode. 	413 - (Gênesis 10:10) ACADE
414 - Animal importado por Salomão. 	414 - (1 Reis 10:22) MACACO
415 - Ela está amarrada à lei do marido enquanto este viver. 	415 - (Romanos 7:2) ESPOSA
416 - Nome que vem duma palavra hebraica que corresponde ao grego Apolion e significa destruição. 	416 - (Revelação 9:11) ABADON
417 - Amonita, oponente de Neemias. 	417 - (Neemias 2:19) TOBIAS
418 - Rei de Moabe morto por Eúde. 	418 - (Juízes 3:16-25) EGLOM
419 - Profeta designado para proclamar os julgamentos de Jeová contra Nínive. 	419 - (Jonas 1:1, 2) JONAS
420 - Mulher judia, irmã de Maria e Lázaro de Betânia. 	420 - (João 11:1, 2) MARTA
421 - Monte onde Baraque reuniu 10.000 homens para lutar contra Sísera. 	421 - (Juízes 4:6, 12) TABOR
422 - Juiz de Israel que matou 600 filisteus com uma aguilhada de gado. 	422 - (Juízes 3:31) SANGAR
423 - Profeta, filho de Amoz e contemporâneo dos reis Uzias, Jotão, Acaz e Ezequias. 	423 – (Isaías 1:1) ISAÍAS
424 - Jael cravou uma estaca de tenda na cabeça deste chefe de exército. 	424 - (Juízes 5:24-27) SÍSERA
425 - Primeiro elemento do nome composto do eunuco etíope que tirou Jeremias da cisterna lamacenta. 	425 - (Jeremias 38:7-13) EBEDE
426 - Última letra do alfabeto grego, usada como título aplicado a Jeová.	426 - Revelação 1:8,  ÔMEGA
427 - Desejo descomedido ou voraz. 	427 - (Provérbios 10:3; 11:6) AVIDEZ
428 - Apóstata do primeiro século, mencionado por Paulo como falso instrutor no que se refere à ressurreição. 	428 - (2 Timóteo 2:17, 18) FILETO
429 - Monte onde o anjo de Jeová apareceu a Moisés no meio de um espinheiro ardente. 	429 - (Êxodo 3:1-5) HOREBE
430 - Chefe do exército sírio curado de lepra por Eliseu. 	430 - (Lucas 4:27) NAAMÃ
431 - Aldeia para a qual Cléopas e outro discípulo se dirigiam quando Jesus se juntou a eles no dia de sua ressurreição. 	431 - (Lucas 24:13-33) EMAÚS
432 - Cidade que, apesar de pequena, destacou-se como lugar de onde veio o Messias. 	432 - (Miquéias 5:2; João 7:42) BELÉM
433 - Pai tanto de Baruque, secretário de Jeremias, como de Seraías, que leu a denúncia contra Babilônia. 	433 - (Jeremias 32:12; 51:59-64) NERIAS
434 - Nome aramaico de Dorcas. 	434 - (Atos 9:36) TABITA
435 - Chefe de exército que, após a morte de Saul, estabeleceu Is-Bosete, filho de Saul, como rei em oposição a Davi. 	435 - (2 Samuel 2:8-10) ABNER
436 - O que Paulo, Silvano e Timóteo demonstraram ser para com seus irmãos. 	436 - (1 Tessalonicenses 1:1; 2:7) MEIGOS
437 - Às ordens de Jeová, este profeta tomou uma "esposa de fornicação", para comparar ao relacionamento de Jeová com Israel. 	437 - (Oséias 1:2-11) OSEIAS
438 - O filho de Elisabete pulou em seu ventre quando ela ouviu o cumprimento desta sua parenta. 	438 - (Lucas 1:41) MARIA
439 - Antigo nome de Jerusalém. 	439 - (Juízes 19:10, 11) JEBUS
440 - Terceira palavra que apareceu milagrosamente escrita na parede do salão de festas de Belsazar. 	440 - (Daniel 5:25) Tequel
441 - Cobrador de impostos de Jericó que se tornou discípulo de Cristo. 	441 - (Lucas 19:1, 2, 8) Zaqueu
442 - Uma das quatro cidades fundadas por Ninrode. 	442 - (Gênesis 10:10) Acade
443 - Esposa de Ananias. Ela e o marido foram mortos por terem conspirado e mentido. 	443 - (Atos 5:1-11) Safira
444 - Filho de Acbor. Foi enviado ao Egito pelo Rei Jeoiaquim para trazer de volta o profeta Urijá a fim de matá-lo. 	444 - (Jeremias 26:22, 23) Elnatã
445 - Fariseu em cuja casa Jesus jantou e teve seus pés untados com óleo perfumado por uma mulher pecaminosa. 	445 - (Lucas 7:36-50) Simão
446 - Um sexto desta medida de água era o que Ezequiel teria como ração diária ao encenar a condição da Jerusalém sitiada. 	446 - (Ezequiel 4:11) him
447 - Planta de brejo. Entre estas plantas Moisés foi colocado, quando pequeno, no Nilo. 	447 - (Êxodo 2:1-10) junco
448 - Nome-título aplicado a Jesus, significando "Conosco está Deus".	448 - Mateus 1:23 Emanuel
449 - Ano de liberdade; o ano que seguia todo o ciclo de sete períodos de sete anos. 	449 - (Levítico 25:8, 10) jubileu
450 - Hábil comandante que conduziu os israelitas à derrubada de Jericó. 	450 - (Josué 6:2, 24, 25) Josué
451 - Enquanto estava preso, Jeremias recebeu este alimento como ração diária. 	451 - (Jeremias 37:21) pão
452 - Ave magnífica importada por Salomão. 	452 - (1 Reis 10:22) pavão
453 - Mansos, brandos. Em 1 Tessalonicenses 2:7, Paulo descreve a si e seus companheiros como tendo esta qualidade.	453 - 1 Tessalonicenses 2:7 meigos
454 - Nome-título aplicado a vários reis amalequitas. 	454 - (1 Samuel 15:8) Agague
455 - Procurador da província romana da Judéia que manteve Paulo preso por dois anos. 	455 - (Atos 24:24-27) Félix
456 - Cidade filistéia e centro religioso da adoração de Dagom. 	456 - (1 Samuel 5:1, 2) Asdode
457 - O peixe que o ressuscitado Jesus comeu diante dos discípulos em Emaús foi preparado desta forma. 	457 - (Lucas 24:42, 43) assado
458 - Jonas tentou fugir de sua designação indo para essa região. 	458 - (Jonas 1:1-3) Társis
459 - Planta que, segundo provérbios, cobre o terreno do preguiçoso.	459 -  Provérbios 24:31 urtiga
460 - Tanque para pisar uvas ou azeitonas. 	460 - (Números 18:30; Neemias 13:15) lagar
461 - O que faz aquele que difama maliciosamente. 	461 - (Salmo 101:5) calúnia
462 - Esposa de Hamã que, junto com outros, propôs que ele erigisse uma estaca para pendurar Mordecai. 	462 - (Ester 5:14) Zeres
463 - Termo usado para designar a que família o sogro de Moisés pertencia. 	463 - (Juízes 1:16) queneu
464 - Cristão de Roma, a quem Paulo envia cumprimentos. 	464 - (Romanos 16:9) Urbano
465 - Termo aplicado aos que têm propósitos e objetivos similares, como no caso de Jonatã e Davi. 	465 - (2 Samuel 1:26) irmão
466 - Ilha do Mediterrâneo, cujos habitantes, segundo seu próprio profeta, eram 'mentirosos e feras prejudiciais'.	466 - (Tito 1:10-12) Creta
467 - Lugar onde Jesus apareceu por nós perante a pessoa de Deus. 	467 - (Hebreus 9:24) céu
468 - Ele ajudou Arão a segurar as mãos de Moisés até Jeová dar a vitória sobre os amalequitas. 	468 - (Êxodo 17:8-13) Hur
469 - Segundo filho que Bila, serva de Raquel, deu à luz a Jacó. 	469 - (Gênesis 35:25) Naftali
470 - Primeira das três filhas de Jó nascidas após sua prova. 	470 - (Jó 42:13, 14) Jemima
471 - Termo aplicado aos designados oficialmente como reis em Israel. 	471 - (1 Samuel 24:10;Salmo 18:50) ungido
472 - Seu significado literal é "Festas de Amor". A Bíblia não descreve como eram, nem foram ordenadas por Jesus; são citadas apenas em Judas 12.	472 - Judas 12 agapes
473 - Fabricante de panelas e vasos de barro. 	473 - (Jeremias 18:4; Isaías 29:16) oleiro
474 - Embora os eventos citados nos Salmos 79 e 80 tenham ocorrido posteriormente, eles são atribuídos a este personagem por terem sido escritos por seus descendentes.	474 - Salmos 79 e 80 Asafe
475 - Receptáculo aos cuidados de Judas, que continha o dinheiro dos apóstolos para ajuda aos necessitados. 	475 - (João 12:6; 13:29) caixa
476 - Um dos três companheiros de Jó; naamatita. 	476 - (Jó 2:11) Zofar
477 - Doença que Uzias teve em resultado de seu ato presunçoso. 	477 - (2 Crônicas 26:18, 19) lepra
478 - Discípulo de João, o Batizador, que logo se convenceu de ter encontrado o Messias e informou isso a seu irmão Simão Pedro. 	478 - (João 1:36-41) andré
479 - Material usado por Jesus ao curar um cego. 	479 - (João 9:6, 7) Lama
480 - Procônsul da Acaia que não aceitou a acusação dos judeus contra Paulo, o que resultou no espancamento de Sóstenes, presidente da sinagoga. 	480 - (Atos 18:12-17) Gálio
481 - Abner teve relações com esta concubina de Saul, após a morte deste. 	481 - (2 Samuel 3:7, 8) Rispa
482 - Arte secreta com poder sobrenatural, condenada pela Bíblia. 	482 - (Levítico 19:26b) magia
483 - Provavelmente nome simbólico de Babilônia. 	483 - (Jeremias 51:41) Sesaque
484 - Designado por Jeová para atuar como porta-voz de Moisés. 	484 - (Êxodo 4:14-16) Arão
485 - Ao profetizar que Pedro o negaria, Jesus fez menção desta ave. 	485 - (Mateus 26:34) galo
486 - O profeta Isaías fala de se lançarem os deuses de prata e os de ouro diante desses mamíferos.	486 - (Isaías 2:20) morcego
487 - Arma usada por Saul para tentar cravar Davi na parede. 	487 - (1 Samuel 18:10, 11) lança
488 - Levita que se casou com Joquebede e se tornou pai de Miriã, Arão e Moisés.	488 -  (Êxodo 6:20; Números 26:59) Anrão
489 - Cristã a quem Paulo enviou cumprimentos em Colossenses 4:15, em cuja casa se realizavam reuniões congregacionais.	489 - Colossenses 4:15 Ninfa
490 - Parteira hebréia que recebeu de Faraó ordens de matar todos os meninos hebreus logo após seu nascimento. 	490 - (Êxodo 1:15-21) Síria
491 - Como sinal de confirmação de que fora escolhido para ser rei, Saul devia encontrar-se com dois homens neste local e receber uma mensagem sobre as jumentas de seu pai. 	491 - (1 Samuel 10:1, 2) Zalza
492 - Branda, macia, em se falando de língua falsa. 	492 - (Romanos 16:18) suave
493 - Forma causativa, no imperfeito, do verbo hebraico que significa "Ele Causa que Venha a Ser".	493 -  (Gênesis 2:4, segunda nota, NM com Referências) Jeová
494 - Comissário da cidade de Siquém, que informou Abimeleque sobre a revolta de Gaal. 	494 - (Juízes 9:30-32) Zebul
495 - O que a resposta branda faz recuar? 	495 - (Provérbios 15:1) furor
496 - Nome secundário ou alcunha dada a Esaú. 	496 - (Gênesis 36:1) Edom
497 - Hastes secas de vegetais que os israelitas misturavam com barro ao fabricar tijolos. 	497 - (Êxodo 5:7) palha
498 - Nicodemos doou mirra e esta substância para a preparação do corpo de Jesus. 	498 - (João 19:39, 40) aloés
499 - Por ocasião de sua morte, o que José pediu aos filhos de Israel que levassem para fora do Egito quando fossem libertados? 	499 - (Gênesis 50:25) ossos
500 - Em Ezequiel, capítulos 38 e 39, este nome é aplicado ao líder cujo ataque contra o povo de Deus é comparado a uma tempestade.	500 - Ezequiel, capítulos 38 e 39 Gogue
501 - Acaz, com medo da conspiração siro-israelita, em vez de confiar em Jeová, tentou subornar o rei desse país e acabou tornando-se vassalo dele. 	501 - (2 Reis 16:7; 2 Crônicas 28:20) Assíria
502 - Caverna onde os cinco reis coligados contra os gibeonitas se esconderam e ficaram encurralados até serem executados. 	502 - (Josué 10:16-26) Maquedá
503 - Lugar onde o tesoureiro da rainha Candace estava sentado quando conversou com Filipe.	503 - (Atos 8:27-30) carro
504 - Ilha do Mediterrâneo onde Paulo naufragou. 	504 - (Atos 27:41; 28:1) Malta
505 - Pai do juiz Sansão. 	505 - (Juízes 13:2-7, 24) Manoá
506 - Recipientes de pele, usados para diversos líquidos. 	506 - (Mateus 9:17) odres
507 - Opositor de Moisés, a quem Paulo compara os apóstatas que resistem à verdade. 	507 - (2 Timóteo 3:8, 9) Janes
508 - Material que Abraão colocou sobre Isaque quando estava para oferecê-lo em sacrifício. 	508 - (Gênesis 22:6) lenha
509 - Criança que recebeu atenção especial de Jeová na Lei mosaica. 	509 - (Êxodo 22:22; Isaías 1:17) órfão
510 - Província onde Paulo foi levado, pelos judeus, perante Gálio. 	510 - (Atos 18:12) Acaia
511 - Uma das servas de Labão, que ele deu à sua filha Raquel quando esta se casou com Jacó. 	511 - (Gênesis 29:29) Bila
512 - De acordo com o Manual Beneficie-se, qual é o 1º estudo como melhorar?	 512 - be estudo 1 p. 83-p. 85 par. 3 Leitura Exata
513 - Em que ano foi lançado o Fotodrama da Criação, por Charles Tazze Russell?	513 - Livro O Reino de Deus já Governa Cap. 7 pag 70 paragrafo 8 /  Foi lançado em 1914. 
514 - Em que mês e ano foi lançando o programa JWBroadcasting em Português	514 - Maio de 2015 e foi apresentado pelo irmão Stephen Lett
515 - Qual foi o tema do congresso regional de 2016?	515 - O tema do congresso regional de 2016 foi "Continue Leal a Jeová"
516 - Qual foi o tema do congresso regional de 2015?	516 - O tema do congresso regional de 2015 foi "Imite a Jesus"
517 - Qual foi o tema do congresso regional de 2017? 	517- O tema do congresso regional de 2017 foi "Não desista!"
518 - Diga o nome da cidade, cenário onde biblicamente aconteceu a história retradada no filme :  "Ande pela Fé, Não pela vista".	518 - Este filme aborda a destruição da cidade de Jerusalém. Resposta: "Jerusalém"
519 - Na idade média, a sabedoria popular dizia que a Terra era plana. Mas, 700 AEC a Bíblia já falava sobre o circulo da terra. Qual é este texto bíblico? 	519 - Isaias 40:22 "Há Um que mora acima do circulo da Terra".
520 - Em oração a Deus, o Rei Davi expressou o principio do papel genético ereditário de cada pessoa ao dizer:  "Teus olhos até mesmo me viram quando eu era um embrião; Todas as partes dele estavam escritas no teu livro" Como popularmente conhecemos esse código genético?	520 - DNA
521 - Qual texto bíblico descreve o clico natural da água? Explicando porque os mares não transbordam.	521 - Eclesiastes 1:7 Todos os rios correm para o mar; mesmo assim, o mar não fica cheio. Os rios voltam para o lugar de onde saíram, a fim de correr novamente 
522 - Verdadeiro ou Falso : Dentre os dons do Espírito Santo, falar em linguas, permitia que a pessoa falasse a lingua dos anjos.	522 - Falso - Veja Atos 2:4-8
523 - Quem é o Antigo de Dias mencionado em Daniel 7:9	523 -  Deus não teve começo. Ele já existia antes de qualquer coisa ou pessoa. Leia Salmo 90:2
524 - Verdadeiro ou Falso: - Um dos títulos de Jeová: "Ciumento"	524 - TNM com Ref. Exôdo 34:14 Pois, não deves prostrar-te diante de qualquer outro deus, porque Jeová, cujo nome é Ciumento, é um Deus ciumento 